algorithm,parameterSpec,fileSizeBytes,round,keyGenMs,aesEncryptMs,encapsulateMs,reKeyGenMs,reEncryptMs,decapsulateMs,aesDecryptMs,totalMs,capsuleBytes,ciphertextBytes,success
RSA-PRE,common-modulus-3072-demo,1024,1,1.5526,0.5383,1.1542,0.0040,6.5307,6.8180,0.0621,16.6613,444,1052,true
RSA-PRE,common-modulus-3072-demo,1024,2,1.5673,0.5525,1.6225,0.0041,6.6376,7.2815,0.0518,17.7187,444,1052,true
RSA-PRE,common-modulus-3072-demo,1024,3,1.8861,0.7731,1.1761,0.0040,6.7771,6.9859,0.0779,17.6822,444,1052,true
RSA-PRE,common-modulus-3072-demo,1024,4,1.8576,1.3614,1.9779,0.0051,6.9587,6.7830,0.2254,19.1710,444,1052,true
RSA-PRE,common-modulus-3072-demo,1024,5,1.7586,1.7784,1.8889,0.0055,7.7759,7.3711,0.0557,20.6361,444,1052,true
RSA-PRE,common-modulus-3072-demo,1024,6,1.6765,0.8901,1.6465,0.0090,7.9537,7.6995,0.0537,19.9314,444,1052,true
RSA-PRE,common-modulus-3072-demo,1024,7,1.4105,0.6367,1.4310,0.0060,7.0095,7.4074,0.0457,17.9487,444,1052,true
RSA-PRE,common-modulus-3072-demo,1024,8,1.6255,0.6356,1.3141,0.0056,6.8682,6.9509,0.0624,17.4643,444,1052,true
RSA-PRE,common-modulus-3072-demo,1024,9,1.8932,0.5169,1.3254,0.0041,6.8189,6.7845,0.0586,17.4032,444,1052,true
RSA-PRE,common-modulus-3072-demo,1024,10,1.5714,0.4369,1.1099,0.0041,6.8746,6.9778,0.0461,17.0223,444,1052,true
RSA-PRE,common-modulus-3072-demo,1024,11,1.4292,0.5862,1.2291,0.0045,6.5859,6.5818,0.0585,16.4766,444,1052,true
RSA-PRE,common-modulus-3072-demo,1024,12,1.2552,0.4630,1.1921,0.0044,6.6971,7.1816,1.1111,17.9131,444,1052,true
RSA-PRE,common-modulus-3072-demo,1024,13,1.3695,0.7296,1.0480,0.0045,6.5200,6.6502,0.0377,16.3607,444,1052,true
RSA-PRE,common-modulus-3072-demo,1024,14,1.3981,0.4512,0.9655,0.0036,6.5650,6.5063,0.0363,15.9274,444,1052,true
RSA-PRE,common-modulus-3072-demo,1024,15,1.3398,0.4889,1.0804,0.0041,6.4165,6.6243,0.0381,15.9934,444,1052,true
RSA-PRE,common-modulus-3072-demo,1024,16,1.2714,0.6398,1.1674,0.0040,6.7105,7.0084,0.2273,17.0305,444,1052,true
RSA-PRE,common-modulus-3072-demo,1024,17,1.4099,1.5419,1.5519,0.0085,8.0343,6.7812,0.0555,19.3847,444,1052,true
RSA-PRE,common-modulus-3072-demo,1024,18,1.2666,0.7633,1.2706,0.0051,6.6272,6.6331,0.0453,16.6129,444,1052,true
RSA-PRE,common-modulus-3072-demo,1024,19,1.4359,0.5335,1.1339,0.0040,6.4577,6.4799,0.0430,16.0890,444,1052,true
RSA-PRE,common-modulus-3072-demo,1024,20,1.6988,0.8429,1.5347,0.0052,6.4679,6.6690,0.0569,17.2770,444,1052,true
RSA-PRE,common-modulus-3072-demo,1024,21,1.6401,0.7062,1.2524,0.0049,6.7359,6.7451,0.0463,17.1332,444,1052,true
RSA-PRE,common-modulus-3072-demo,1024,22,1.4054,0.7153,1.1465,0.0047,6.6386,7.1837,0.0539,17.1497,444,1052,true
RSA-PRE,common-modulus-3072-demo,1024,23,1.5566,0.5967,1.3517,0.1280,6.8045,7.0358,0.1999,17.6753,444,1052,true
RSA-PRE,common-modulus-3072-demo,1024,24,1.5332,0.6087,1.1414,0.0048,7.9706,6.9236,0.0470,18.2309,444,1052,true
RSA-PRE,common-modulus-3072-demo,1024,25,1.2551,0.5092,0.9802,0.0058,6.6600,6.6584,0.0372,16.1078,444,1052,true
RSA-PRE,common-modulus-3072-demo,1024,26,1.2037,0.5014,1.0667,0.0041,6.7686,6.8782,0.0476,16.4721,444,1052,true
RSA-PRE,common-modulus-3072-demo,1024,27,1.6539,0.6046,1.1485,0.0057,6.6812,6.6534,0.0325,16.7817,444,1052,true
RSA-PRE,common-modulus-3072-demo,1024,28,1.4176,0.5016,1.0710,0.0041,6.7144,6.7954,0.2690,16.7746,444,1052,true
RSA-PRE,common-modulus-3072-demo,1024,29,1.4501,0.6773,1.2934,0.0101,6.7365,6.9569,0.0331,17.1590,444,1052,true
RSA-PRE,common-modulus-3072-demo,1024,30,1.3328,0.7243,1.0123,0.0104,6.7246,6.7880,0.0355,16.6292,444,1052,true
RSA-PRE,common-modulus-3072-demo,1024,31,1.3852,0.6510,1.5406,0.0069,9.4990,8.3666,0.0470,21.4996,444,1052,true
RSA-PRE,common-modulus-3072-demo,1024,32,1.5118,0.8678,1.3741,0.0059,7.7276,7.6604,0.0354,19.1849,444,1052,true
RSA-PRE,common-modulus-3072-demo,1024,33,1.6313,0.7865,1.2987,0.0057,14.4139,8.3433,0.0438,26.5252,444,1052,true
RSA-PRE,common-modulus-3072-demo,1024,34,1.4594,0.7355,1.2209,0.0051,9.9230,8.6785,0.1286,22.1537,444,1052,true
RSA-PRE,common-modulus-3072-demo,1024,35,1.6489,1.0625,1.5440,0.0059,8.0012,8.0918,0.0407,20.3975,444,1052,true
RSA-PRE,common-modulus-3072-demo,1024,36,1.5240,0.6717,1.2982,0.0054,8.2152,8.4209,0.0458,20.1828,444,1052,true
RSA-PRE,common-modulus-3072-demo,1024,37,1.3831,0.7315,1.2563,0.0051,7.9632,7.9603,0.0555,19.3565,444,1052,true
RSA-PRE,common-modulus-3072-demo,1024,38,1.5082,0.6869,1.3664,0.0064,7.8754,7.8788,0.0632,19.3970,444,1052,true
RSA-PRE,common-modulus-3072-demo,1024,39,1.2979,0.8429,1.2956,0.0060,7.6612,7.9223,0.0511,19.0796,444,1052,true
RSA-PRE,common-modulus-3072-demo,1024,40,1.3744,0.6713,1.3126,0.0049,7.6171,7.5020,0.0481,18.5319,444,1052,true
RSA-PRE,common-modulus-3072-demo,1024,41,1.3501,0.6070,1.1926,0.0044,7.5336,7.2777,0.0328,17.9996,444,1052,true
RSA-PRE,common-modulus-3072-demo,1024,42,1.2603,0.5244,1.4132,0.0058,7.1745,7.1159,0.0447,17.5401,444,1052,true
RSA-PRE,common-modulus-3072-demo,1024,43,1.3885,0.8717,1.1293,0.0052,7.1597,7.0665,0.0455,17.6680,444,1052,true
RSA-PRE,common-modulus-3072-demo,1024,44,1.3810,0.6934,1.4322,0.0204,7.0945,7.8159,0.1012,18.5404,444,1052,true
RSA-PRE,common-modulus-3072-demo,1024,45,1.2347,0.6757,1.7564,0.0078,7.0799,7.2487,0.0499,18.0545,444,1052,true
RSA-PRE,common-modulus-3072-demo,1024,46,1.2670,0.5124,0.9750,0.0041,6.8182,6.8605,0.0438,16.4824,444,1052,true
RSA-PRE,common-modulus-3072-demo,1024,47,1.1359,0.6228,1.0563,0.0048,6.6033,6.6734,0.0438,16.1413,444,1052,true
RSA-PRE,common-modulus-3072-demo,1024,48,1.1583,0.3902,0.9669,0.0041,6.6249,6.6247,0.0429,15.8136,444,1052,true
RSA-PRE,common-modulus-3072-demo,1024,49,1.1556,0.5198,0.9953,0.0041,6.4155,6.6189,0.0424,15.7530,444,1052,true
RSA-PRE,common-modulus-3072-demo,1024,50,1.1766,0.4880,0.9923,0.0042,6.8515,6.7928,0.0441,16.3507,444,1052,true
RSA-PRE,common-modulus-3072-demo,1024,51,1.1659,0.5574,0.9753,0.0072,6.6037,6.7241,0.0869,16.1218,444,1052,true
RSA-PRE,common-modulus-3072-demo,1024,52,1.1453,0.5149,0.9988,0.0046,6.5136,6.5011,0.0413,15.7208,444,1052,true
RSA-PRE,common-modulus-3072-demo,1024,53,1.1606,0.4379,1.2144,0.0052,6.4094,6.4355,0.0356,15.7000,444,1052,true
RSA-PRE,common-modulus-3072-demo,1024,54,1.0978,0.9360,1.4969,0.0048,6.3882,6.5388,0.0414,16.5049,444,1052,true
RSA-PRE,common-modulus-3072-demo,1024,55,1.0686,0.4664,0.9959,0.0052,6.5685,6.7430,0.0341,15.8831,444,1052,true
RSA-PRE,common-modulus-3072-demo,1024,56,1.1044,0.4453,1.1261,0.0042,6.2845,6.7061,0.0445,15.7162,444,1052,true
RSA-PRE,common-modulus-3072-demo,1024,57,1.2259,0.4050,1.0086,0.0077,6.2989,6.3686,0.0407,15.3569,444,1052,true
RSA-PRE,common-modulus-3072-demo,1024,58,1.0520,0.9004,0.9233,0.0041,6.3702,6.4036,0.0404,15.6950,444,1052,true
RSA-PRE,common-modulus-3072-demo,1024,59,1.6309,0.4945,0.9468,0.0038,6.8932,6.7188,0.0318,16.7214,444,1052,true
RSA-PRE,common-modulus-3072-demo,1024,60,1.3616,0.4999,1.2166,0.0044,6.3868,6.4542,0.0596,15.9847,444,1052,true
RSA-PRE,common-modulus-3072-demo,1024,61,1.3490,0.4660,1.2833,0.0045,6.4615,6.7687,0.0651,16.3997,444,1052,true
RSA-PRE,common-modulus-3072-demo,1024,62,1.2517,0.5226,1.0086,0.0040,6.7845,6.8924,0.0473,16.5125,444,1052,true
RSA-PRE,common-modulus-3072-demo,1024,63,1.2802,0.6001,1.1353,0.0066,6.3329,6.5923,0.0426,15.9916,444,1052,true
RSA-PRE,common-modulus-3072-demo,1024,64,1.1944,0.7494,1.0562,0.0050,6.4813,6.6849,0.0404,16.2129,444,1052,true
RSA-PRE,common-modulus-3072-demo,1024,65,1.3768,0.8199,1.1074,0.0061,6.5619,7.0400,0.0445,16.9583,444,1052,true
RSA-PRE,common-modulus-3072-demo,1024,66,1.1800,0.6849,0.9952,0.0045,6.2513,6.6725,0.0506,15.8406,444,1052,true
RSA-PRE,common-modulus-3072-demo,1024,67,1.1155,0.4299,0.9153,0.0123,6.2759,7.0162,0.0356,15.8025,444,1052,true
RSA-PRE,common-modulus-3072-demo,1024,68,1.0130,0.4755,1.0621,0.0043,6.3602,6.8342,0.0338,15.7846,444,1052,true
RSA-PRE,common-modulus-3072-demo,1024,69,1.1658,0.4850,1.1746,0.0069,6.1434,6.4128,0.0403,15.4304,444,1052,true
RSA-PRE,common-modulus-3072-demo,1024,70,0.9915,0.4657,1.1288,0.0049,6.3410,6.5609,0.0392,15.5333,444,1052,true
RSA-PRE,common-modulus-3072-demo,1024,71,1.1139,0.5129,1.0913,0.0067,6.0808,6.5013,0.0438,15.3522,444,1052,true
RSA-PRE,common-modulus-3072-demo,1024,72,1.1544,0.4642,0.9645,0.0045,6.1317,7.0624,0.0424,15.8254,444,1052,true
RSA-PRE,common-modulus-3072-demo,1024,73,1.0336,0.5310,1.5392,0.0061,6.3831,7.0211,0.0307,16.5463,444,1052,true
RSA-PRE,common-modulus-3072-demo,1024,74,1.2104,0.6281,1.0420,0.0042,6.2658,7.0413,0.0332,16.2266,444,1052,true
RSA-PRE,common-modulus-3072-demo,1024,75,1.1630,0.9428,1.1575,0.0064,6.4144,6.8808,0.0606,16.6271,444,1052,true
RSA-PRE,common-modulus-3072-demo,1024,76,1.2284,0.5596,1.1526,0.0069,6.3876,6.9855,0.0699,16.3921,444,1052,true
RSA-PRE,common-modulus-3072-demo,1024,77,1.2221,0.6002,1.0641,0.0046,6.7379,7.0317,0.0328,16.6946,444,1052,true
RSA-PRE,common-modulus-3072-demo,1024,78,1.2342,0.5811,0.9582,0.0041,6.7389,6.2248,0.0497,15.7926,444,1052,true
RSA-PRE,common-modulus-3072-demo,1024,79,1.0910,0.4345,1.0037,0.0043,6.4921,6.9195,0.0519,16.0006,444,1052,true
RSA-PRE,common-modulus-3072-demo,1024,80,1.2140,0.5488,1.2025,0.0055,6.3989,6.5080,0.0461,15.9252,444,1052,true
RSA-PRE,common-modulus-3072-demo,1024,81,1.2056,0.4772,0.9845,0.0044,6.4815,6.9449,0.0347,16.1338,444,1052,true
RSA-PRE,common-modulus-3072-demo,1024,82,1.4171,0.4746,1.0027,0.0046,6.5966,6.7332,0.0471,16.2778,444,1052,true
RSA-PRE,common-modulus-3072-demo,1024,83,1.2645,0.6791,1.2636,0.0102,6.3373,6.3877,0.0275,15.9716,444,1052,true
RSA-PRE,common-modulus-3072-demo,1024,84,1.4447,0.5741,1.1587,0.0049,6.2734,6.8090,0.0358,16.3018,444,1052,true
RSA-PRE,common-modulus-3072-demo,1024,85,1.2413,1.0255,1.0845,0.0044,6.1365,6.8165,0.0353,16.3452,444,1052,true
RSA-PRE,common-modulus-3072-demo,1024,86,1.2423,0.5438,1.0445,0.0045,6.6684,6.8428,0.0255,16.3731,444,1052,true
RSA-PRE,common-modulus-3072-demo,1024,87,1.4165,0.8259,1.2451,0.0051,6.0932,6.6692,0.2279,16.4844,444,1052,true
RSA-PRE,common-modulus-3072-demo,1024,88,1.1734,0.5738,0.9731,0.0040,6.1258,6.9325,0.0352,15.8193,444,1052,true
RSA-PRE,common-modulus-3072-demo,1024,89,1.4560,0.5518,1.3381,0.0063,7.0487,7.0618,0.0613,17.5273,444,1052,true
RSA-PRE,common-modulus-3072-demo,1024,90,1.3177,0.8216,1.9394,0.0065,6.8137,7.4587,0.0263,18.3867,444,1052,true
RSA-PRE,common-modulus-3072-demo,1024,91,1.1962,0.5856,1.0885,0.0051,7.1091,7.0217,0.0277,17.0363,444,1052,true
RSA-PRE,common-modulus-3072-demo,1024,92,1.3079,0.6813,1.2738,0.0072,7.4667,7.5068,0.0540,18.3003,444,1052,true
RSA-PRE,common-modulus-3072-demo,1024,93,1.2615,0.5409,1.3218,0.0126,7.2455,7.3838,0.0273,17.7952,444,1052,true
RSA-PRE,common-modulus-3072-demo,1024,94,1.3442,0.6365,1.1476,0.0049,7.1540,7.1548,0.0268,17.4706,444,1052,true
RSA-PRE,common-modulus-3072-demo,1024,95,1.2143,0.4411,1.0237,0.0045,7.0634,7.1964,0.0268,16.9717,444,1052,true
RSA-PRE,common-modulus-3072-demo,1024,96,1.2319,0.6425,1.0493,0.0060,7.3333,7.2003,0.0344,17.4992,444,1052,true
RSA-PRE,common-modulus-3072-demo,1024,97,7.3078,0.5854,1.0016,0.0052,6.9390,6.9592,0.0395,22.8391,444,1052,true
RSA-PRE,common-modulus-3072-demo,1024,98,1.3284,0.5448,1.1145,0.0049,6.8728,6.9072,0.0338,16.8074,444,1052,true
RSA-PRE,common-modulus-3072-demo,1024,99,1.0997,0.7044,1.2257,0.0054,6.9064,6.7841,0.0337,16.7613,444,1052,true
RSA-PRE,common-modulus-3072-demo,1024,100,1.2183,1.1779,1.0626,0.0059,6.7921,7.0529,0.0253,17.3377,444,1052,true
RSA-PRE,common-modulus-3072-demo,102400,1,0.9872,1.4485,0.8816,0.0043,6.5657,6.8626,1.0030,17.7550,444,102428,true
RSA-PRE,common-modulus-3072-demo,102400,2,1.0385,1.4050,0.8330,0.0049,6.3022,6.5240,1.1505,17.2601,444,102428,true
RSA-PRE,common-modulus-3072-demo,102400,3,1.1409,1.6131,0.9650,0.0067,6.3035,6.5611,1.1143,17.7106,444,102428,true
RSA-PRE,common-modulus-3072-demo,102400,4,1.1715,1.6154,1.0469,0.0049,6.2315,6.2594,1.2380,17.5698,444,102428,true
RSA-PRE,common-modulus-3072-demo,102400,5,1.4388,1.5620,0.9800,0.0062,6.3056,6.9631,1.0375,18.2950,444,102428,true
RSA-PRE,common-modulus-3072-demo,102400,6,1.0293,1.3908,0.9022,0.0042,6.8274,7.0146,0.9594,18.1299,444,102428,true
RSA-PRE,common-modulus-3072-demo,102400,7,1.0344,1.5445,1.2516,0.0052,6.4971,6.6758,1.0823,18.0921,444,102428,true
RSA-PRE,common-modulus-3072-demo,102400,8,1.0607,1.5032,1.0038,0.0062,6.2930,6.2037,0.9865,17.0590,444,102428,true
RSA-PRE,common-modulus-3072-demo,102400,9,1.0098,1.6445,0.9010,0.0043,6.1289,7.1688,1.2313,18.0899,444,102428,true
RSA-PRE,common-modulus-3072-demo,102400,10,1.1674,1.5483,1.2913,0.0057,6.0817,6.4002,1.0061,17.5018,444,102428,true
RSA-PRE,common-modulus-3072-demo,102400,11,1.5630,1.8126,1.0860,0.0068,6.1158,7.2321,1.0397,18.8585,444,102428,true
RSA-PRE,common-modulus-3072-demo,102400,12,1.0117,1.5535,0.8734,0.0045,6.4629,6.8357,1.0258,17.7684,444,102428,true
RSA-PRE,common-modulus-3072-demo,102400,13,1.1057,2.2663,0.9753,0.0050,6.0956,6.6492,1.0692,18.1676,444,102428,true
RSA-PRE,common-modulus-3072-demo,102400,14,1.0815,1.5246,0.8357,0.0039,6.4194,6.7501,1.0442,17.6608,444,102428,true
RSA-PRE,common-modulus-3072-demo,102400,15,1.2531,1.4234,0.8581,0.0037,6.2405,6.2572,1.0368,17.0747,444,102428,true
RSA-PRE,common-modulus-3072-demo,102400,16,1.2035,1.3788,0.8417,0.0039,6.7493,6.9147,1.0837,18.1776,444,102428,true
RSA-PRE,common-modulus-3072-demo,102400,17,1.2612,1.5356,0.9619,0.0049,6.1020,6.8037,1.0538,17.7245,444,102428,true
RSA-PRE,common-modulus-3072-demo,102400,18,1.0653,1.3916,1.2108,0.0050,6.4371,7.3104,1.0331,18.4552,444,102428,true
RSA-PRE,common-modulus-3072-demo,102400,19,0.9880,1.5524,1.2445,0.0053,6.3841,6.3792,1.0966,17.6522,444,102428,true
RSA-PRE,common-modulus-3072-demo,102400,20,1.0079,1.3328,1.2527,0.0054,6.2228,6.2457,1.0457,17.1145,444,102428,true
RSA-PRE,common-modulus-3072-demo,102400,21,1.2598,1.4525,0.9287,0.0046,6.3284,6.9038,1.0491,17.9291,444,102428,true
RSA-PRE,common-modulus-3072-demo,102400,22,1.1204,1.4416,0.8507,0.0046,6.1835,6.5637,0.9852,17.1516,444,102428,true
RSA-PRE,common-modulus-3072-demo,102400,23,1.2838,1.5796,0.8881,0.0058,6.1882,6.6569,0.9912,17.5956,444,102428,true
RSA-PRE,common-modulus-3072-demo,102400,24,1.1480,1.3938,0.8484,0.0049,6.7413,7.3367,0.9210,18.3958,444,102428,true
RSA-PRE,common-modulus-3072-demo,102400,25,0.9373,1.3909,0.8013,0.0048,6.9050,6.3096,1.0234,17.3739,444,102428,true
RSA-PRE,common-modulus-3072-demo,102400,26,1.1423,1.5829,0.8790,0.0049,6.3476,6.4790,0.9189,17.3564,444,102428,true
RSA-PRE,common-modulus-3072-demo,102400,27,0.9516,1.4699,0.9540,0.0055,6.3241,6.5648,0.9082,17.1800,444,102428,true
RSA-PRE,common-modulus-3072-demo,102400,28,0.9883,1.4993,0.8424,0.0051,6.8326,6.3376,0.9882,17.4951,444,102428,true
RSA-PRE,common-modulus-3072-demo,102400,29,1.0484,1.3841,0.8454,0.0169,6.2392,6.3204,0.9350,16.7916,444,102428,true
RSA-PRE,common-modulus-3072-demo,102400,30,0.9463,1.4798,0.8646,0.0049,6.3634,6.3469,0.9609,16.9683,444,102428,true
RSA-PRE,common-modulus-3072-demo,102400,31,0.9595,1.4519,0.8498,0.0052,6.4062,6.3436,0.9611,16.9796,444,102428,true
RSA-PRE,common-modulus-3072-demo,102400,32,0.9442,1.4727,0.8871,0.0060,6.5276,6.5433,1.0887,17.4720,444,102428,true
RSA-PRE,common-modulus-3072-demo,102400,33,1.0284,1.4424,0.8394,0.0048,6.3846,6.9880,1.0384,17.7280,444,102428,true
RSA-PRE,common-modulus-3072-demo,102400,34,1.1988,1.4423,0.8246,0.0046,6.4176,6.4139,1.1332,17.4373,444,102428,true
RSA-PRE,common-modulus-3072-demo,102400,35,1.0820,1.4600,1.0361,0.0048,6.2860,6.4233,1.0501,17.3439,444,102428,true
RSA-PRE,common-modulus-3072-demo,102400,36,1.2141,1.5427,1.0999,0.0065,6.2554,6.5341,1.1407,17.7964,444,102428,true
RSA-PRE,common-modulus-3072-demo,102400,37,1.4931,2.5401,1.2700,0.0076,6.1162,6.4795,1.2895,19.1980,444,102428,true
RSA-PRE,common-modulus-3072-demo,102400,38,0.9786,1.3526,0.8678,0.0048,6.5156,6.7352,1.2320,17.6882,444,102428,true
RSA-PRE,common-modulus-3072-demo,102400,39,1.1425,1.4445,0.8965,0.0048,6.5842,6.4768,0.9139,17.4650,444,102428,true
RSA-PRE,common-modulus-3072-demo,102400,40,0.9610,1.3729,0.8225,0.0046,6.2625,7.1196,0.9219,17.4666,444,102428,true
RSA-PRE,common-modulus-3072-demo,102400,41,1.0601,1.8706,0.8713,0.0057,6.1793,6.9847,0.9997,17.9730,444,102428,true
RSA-PRE,common-modulus-3072-demo,102400,42,0.9989,1.4743,0.9087,0.0050,6.1477,7.2552,1.0806,17.8724,444,102428,true
RSA-PRE,common-modulus-3072-demo,102400,43,1.0464,1.5538,0.9153,0.0051,6.3021,6.9463,1.0295,17.8004,444,102428,true
RSA-PRE,common-modulus-3072-demo,102400,44,1.0897,1.4530,0.8689,0.0050,6.4011,6.3873,1.1889,17.3959,444,102428,true
RSA-PRE,common-modulus-3072-demo,102400,45,1.0714,1.5050,0.9376,0.0050,6.7743,6.8540,1.0347,18.1841,444,102428,true
RSA-PRE,common-modulus-3072-demo,102400,46,1.0222,1.5025,1.0857,0.0066,6.8645,6.5965,1.2570,18.3375,444,102428,true
RSA-PRE,common-modulus-3072-demo,102400,47,1.0770,1.4088,0.8706,0.0049,6.2547,7.3646,0.9846,17.9671,444,102428,true
RSA-PRE,common-modulus-3072-demo,102400,48,0.9347,1.3087,1.1215,0.0062,6.8135,7.0287,1.8126,19.0277,444,102428,true
RSA-PRE,common-modulus-3072-demo,102400,49,1.2130,1.5107,0.9336,0.0049,6.4340,7.1467,1.0625,18.3074,444,102428,true
RSA-PRE,common-modulus-3072-demo,102400,50,1.0704,1.5868,0.8979,0.0053,6.3857,7.0250,1.0301,18.0030,444,102428,true
RSA-PRE,common-modulus-3072-demo,102400,51,1.0388,1.4581,0.9925,0.0054,6.9104,7.4190,1.1817,19.0075,444,102428,true
RSA-PRE,common-modulus-3072-demo,102400,52,1.0623,1.4426,0.9413,0.0051,6.4345,7.2113,0.9619,18.0612,444,102428,true
RSA-PRE,common-modulus-3072-demo,102400,53,0.9259,1.4173,0.8869,0.0043,6.3841,6.6305,1.0768,17.3273,444,102428,true
RSA-PRE,common-modulus-3072-demo,102400,54,1.0842,1.5071,0.8770,0.0055,6.6501,6.3574,1.1098,17.5931,444,102428,true
RSA-PRE,common-modulus-3072-demo,102400,55,1.0744,1.4198,0.8896,0.0045,6.7920,6.9865,1.1004,18.2695,444,102428,true
RSA-PRE,common-modulus-3072-demo,102400,56,1.1114,1.4586,0.8822,0.0052,6.3719,6.3316,1.0449,17.2081,444,102428,true
RSA-PRE,common-modulus-3072-demo,102400,57,1.0282,1.9481,1.9809,0.0065,6.2961,6.7872,1.0911,19.1414,444,102428,true
RSA-PRE,common-modulus-3072-demo,102400,58,1.1078,1.5488,1.1662,0.0072,6.1596,7.0803,1.0296,18.1014,444,102428,true
RSA-PRE,common-modulus-3072-demo,102400,59,1.3086,1.5296,0.8535,0.0058,6.3067,6.7094,1.0835,17.8004,444,102428,true
RSA-PRE,common-modulus-3072-demo,102400,60,0.9044,1.4110,0.8748,0.0050,6.1191,6.9568,1.0512,17.3245,444,102428,true
RSA-PRE,common-modulus-3072-demo,102400,61,0.9726,1.4911,0.8479,0.0051,6.2863,7.0666,0.9330,17.6049,444,102428,true
RSA-PRE,common-modulus-3072-demo,102400,62,0.9670,1.3779,0.9471,0.0059,6.3725,6.7888,0.9421,17.4039,444,102428,true
RSA-PRE,common-modulus-3072-demo,102400,63,1.1053,1.3979,0.8446,0.0047,6.3613,6.9893,1.0459,17.7514,444,102428,true
RSA-PRE,common-modulus-3072-demo,102400,64,1.0381,1.3746,0.8841,0.0053,6.4727,6.5595,1.0605,17.3962,444,102428,true
RSA-PRE,common-modulus-3072-demo,102400,65,1.0555,1.4699,0.8312,0.0046,7.1048,7.2878,1.0141,18.7692,444,102428,true
RSA-PRE,common-modulus-3072-demo,102400,66,1.0460,1.3465,0.8258,0.0046,6.3347,6.1419,1.0289,16.7313,444,102428,true
RSA-PRE,common-modulus-3072-demo,102400,67,1.0156,1.4200,0.8949,0.0057,6.7127,6.3347,1.0670,17.4535,444,102428,true
RSA-PRE,common-modulus-3072-demo,102400,68,1.0645,1.5093,0.8793,0.0053,7.2707,8.7540,1.5082,20.9942,444,102428,true
RSA-PRE,common-modulus-3072-demo,102400,69,1.1316,2.1067,1.0823,0.0064,6.2703,6.7390,1.0827,18.4214,444,102428,true
RSA-PRE,common-modulus-3072-demo,102400,70,1.2645,1.6157,0.9901,0.0061,6.1771,6.7698,1.1733,17.9993,444,102428,true
RSA-PRE,common-modulus-3072-demo,102400,71,1.1162,1.4365,0.8601,0.0054,6.8664,6.3639,1.1000,17.7500,444,102428,true
RSA-PRE,common-modulus-3072-demo,102400,72,1.0444,1.5204,0.9763,0.0070,6.2388,7.6477,1.0639,18.5007,444,102428,true
RSA-PRE,common-modulus-3072-demo,102400,73,1.1583,1.5384,0.9134,0.0053,6.2224,6.8660,1.0906,17.7959,444,102428,true
RSA-PRE,common-modulus-3072-demo,102400,74,1.0825,1.3741,0.8225,0.0046,6.0765,6.7562,0.8948,17.0131,444,102428,true
RSA-PRE,common-modulus-3072-demo,102400,75,0.9630,1.4420,0.9014,0.0054,6.2342,6.7613,0.9278,17.2374,444,102428,true
RSA-PRE,common-modulus-3072-demo,102400,76,0.9434,1.4151,0.8953,0.0050,6.3668,6.3913,0.9537,16.9728,444,102428,true
RSA-PRE,common-modulus-3072-demo,102400,77,1.0144,1.3890,0.9420,0.0065,6.2944,6.4419,1.0892,17.1802,444,102428,true
RSA-PRE,common-modulus-3072-demo,102400,78,0.9992,2.0778,1.2285,0.0051,6.9547,6.2407,1.0553,18.5639,444,102428,true
RSA-PRE,common-modulus-3072-demo,102400,79,1.1674,1.5022,1.4862,0.0060,6.2395,6.5159,1.0457,17.9654,444,102428,true
RSA-PRE,common-modulus-3072-demo,102400,80,1.2480,1.3873,0.7996,0.0051,6.1166,6.8741,1.0284,17.4614,444,102428,true
RSA-PRE,common-modulus-3072-demo,102400,81,1.0714,1.5488,1.2202,0.0063,8.7206,9.5860,0.9470,23.1036,444,102428,true
RSA-PRE,common-modulus-3072-demo,102400,82,0.9735,1.5198,0.9058,0.0062,6.8157,6.7936,1.0607,18.0782,444,102428,true
RSA-PRE,common-modulus-3072-demo,102400,83,1.0879,1.4221,1.0143,0.0051,6.9585,6.8284,1.0616,18.3793,444,102428,true
RSA-PRE,common-modulus-3072-demo,102400,84,1.0982,1.3448,0.8450,0.0043,6.9738,6.9714,1.0262,18.2653,444,102428,true
RSA-PRE,common-modulus-3072-demo,102400,85,1.0345,1.4336,0.8412,0.0044,6.9367,6.9642,1.0750,18.2911,444,102428,true
RSA-PRE,common-modulus-3072-demo,102400,86,1.0793,1.3322,0.8483,0.0042,6.8130,6.9329,1.0559,18.0673,444,102428,true
RSA-PRE,common-modulus-3072-demo,102400,87,1.0997,1.3889,0.8733,0.0046,7.0489,6.9002,1.0729,18.3903,444,102428,true
RSA-PRE,common-modulus-3072-demo,102400,88,1.1652,1.6610,1.0716,0.0056,7.1105,6.8662,1.1230,19.0066,444,102428,true
RSA-PRE,common-modulus-3072-demo,102400,89,1.0315,1.5414,0.8381,0.0050,6.5118,7.0887,1.1587,18.1770,444,102428,true
RSA-PRE,common-modulus-3072-demo,102400,90,1.0656,1.5451,1.2891,0.0052,6.5821,6.7796,1.0413,18.3095,444,102428,true
RSA-PRE,common-modulus-3072-demo,102400,91,1.1332,1.6086,1.0898,0.0056,6.0992,6.9175,0.9285,17.7845,444,102428,true
RSA-PRE,common-modulus-3072-demo,102400,92,1.0867,1.3857,0.8208,0.0048,6.9126,6.3424,0.9136,17.4686,444,102428,true
RSA-PRE,common-modulus-3072-demo,102400,93,0.8959,1.3852,0.8395,0.0046,6.3223,6.3918,0.9071,16.7487,444,102428,true
RSA-PRE,common-modulus-3072-demo,102400,94,0.9641,1.4341,1.2331,0.0072,6.2408,6.2626,0.9816,17.1264,444,102428,true
RSA-PRE,common-modulus-3072-demo,102400,95,0.9282,1.5091,1.0413,0.0051,6.3955,6.2818,1.2895,17.4529,444,102428,true
RSA-PRE,common-modulus-3072-demo,102400,96,1.7489,0.8203,1.0147,0.0053,6.4713,6.6575,0.2042,16.9242,444,102428,true
RSA-PRE,common-modulus-3072-demo,102400,97,1.0682,0.6021,0.8629,0.0050,6.6443,6.5787,0.2587,16.0211,444,102428,true
RSA-PRE,common-modulus-3072-demo,102400,98,1.0889,0.7057,1.0001,0.0055,6.7182,6.4320,0.2435,16.1960,444,102428,true
RSA-PRE,common-modulus-3072-demo,102400,99,0.9064,0.6300,1.1660,0.0049,6.3588,6.6641,0.1956,15.9279,444,102428,true
RSA-PRE,common-modulus-3072-demo,102400,100,1.1009,0.9518,0.9100,0.0509,6.4519,6.3785,0.2284,16.0752,444,102428,true
RSA-PRE,common-modulus-3072-demo,1048576,1,1.0181,2.5062,0.8637,0.0045,6.1952,6.3786,1.8410,18.8077,444,1048604,true
RSA-PRE,common-modulus-3072-demo,1048576,2,1.1994,2.4778,1.0398,0.0052,6.4917,6.8503,2.0410,20.1055,444,1048604,true
RSA-PRE,common-modulus-3072-demo,1048576,3,1.2031,2.3115,0.9260,0.0043,6.3321,7.0568,1.8012,19.6355,444,1048604,true
RSA-PRE,common-modulus-3072-demo,1048576,4,0.9900,2.5643,1.2222,0.0062,6.2189,6.4733,1.9159,19.3911,444,1048604,true
RSA-PRE,common-modulus-3072-demo,1048576,5,1.1100,2.2537,0.9261,0.0139,6.5928,6.8636,2.0358,19.7967,444,1048604,true
RSA-PRE,common-modulus-3072-demo,1048576,6,1.1792,2.3230,0.9504,0.0205,6.2149,8.0948,1.8905,20.6735,444,1048604,true
RSA-PRE,common-modulus-3072-demo,1048576,7,1.0908,8.0890,0.9991,0.0049,6.9761,6.3174,2.0876,25.5653,444,1048604,true
RSA-PRE,common-modulus-3072-demo,1048576,8,1.0773,2.1201,1.0909,0.0050,6.6422,6.9713,1.8570,19.7640,444,1048604,true
RSA-PRE,common-modulus-3072-demo,1048576,9,0.9781,2.1353,0.8380,0.0040,7.3366,7.5575,1.7228,20.5728,444,1048604,true
RSA-PRE,common-modulus-3072-demo,1048576,10,1.0128,2.2450,0.8425,0.0080,6.1240,6.5378,1.5181,18.2885,444,1048604,true
RSA-PRE,common-modulus-3072-demo,1048576,11,0.9791,2.0453,0.8634,0.0037,6.2876,6.2045,1.8364,18.2202,444,1048604,true
RSA-PRE,common-modulus-3072-demo,1048576,12,0.9883,2.2736,0.9699,0.0042,6.1962,6.4430,2.0017,18.8771,444,1048604,true
RSA-PRE,common-modulus-3072-demo,1048576,13,1.1306,2.2286,0.8241,0.0043,6.4455,6.9693,1.7282,19.3312,444,1048604,true
RSA-PRE,common-modulus-3072-demo,1048576,14,1.0837,2.5292,0.8307,0.0043,6.2078,6.6628,1.6558,18.9746,444,1048604,true
RSA-PRE,common-modulus-3072-demo,1048576,15,0.9021,2.1779,0.8071,0.0037,6.2318,6.4312,1.6342,18.1884,444,1048604,true
RSA-PRE,common-modulus-3072-demo,1048576,16,0.9969,2.2130,0.8514,0.0039,6.1433,6.5882,1.8749,18.6717,444,1048604,true
RSA-PRE,common-modulus-3072-demo,1048576,17,0.9610,2.4327,0.8657,0.0038,6.1326,6.8004,1.8246,19.0212,444,1048604,true
RSA-PRE,common-modulus-3072-demo,1048576,18,0.9312,2.0278,0.8609,0.0039,6.2372,6.7217,1.5738,18.3569,444,1048604,true
RSA-PRE,common-modulus-3072-demo,1048576,19,0.8939,2.0459,0.9991,0.0042,6.1628,6.3501,1.6873,18.1435,444,1048604,true
RSA-PRE,common-modulus-3072-demo,1048576,20,0.9481,2.3604,0.8445,0.0036,6.1645,6.8313,1.8462,18.9989,444,1048604,true
RSA-PRE,common-modulus-3072-demo,1048576,21,0.9274,2.2497,0.8049,0.0041,6.1740,6.7561,1.6987,18.6152,444,1048604,true
RSA-PRE,common-modulus-3072-demo,1048576,22,0.9769,2.5374,0.8144,0.0035,6.6322,7.0269,1.9479,19.9397,444,1048604,true
RSA-PRE,common-modulus-3072-demo,1048576,23,0.9407,2.1756,0.8090,0.0035,6.1698,6.7641,1.7272,18.5902,444,1048604,true
RSA-PRE,common-modulus-3072-demo,1048576,24,1.1177,2.0965,0.8237,0.0038,6.2200,6.8133,1.7817,18.8572,444,1048604,true
RSA-PRE,common-modulus-3072-demo,1048576,25,1.0878,2.3646,0.8943,0.0042,6.8503,6.6991,1.9509,19.8516,444,1048604,true
RSA-PRE,common-modulus-3072-demo,1048576,26,1.1864,2.3480,0.8957,0.0047,6.0718,6.9543,1.8148,19.2760,444,1048604,true
RSA-PRE,common-modulus-3072-demo,1048576,27,0.9613,1.9954,0.8246,0.0039,6.1209,6.2601,1.5665,17.7330,444,1048604,true
RSA-PRE,common-modulus-3072-demo,1048576,28,0.9890,2.0220,0.8608,0.0041,6.5290,6.2307,1.8456,18.4816,444,1048604,true
RSA-PRE,common-modulus-3072-demo,1048576,29,0.9766,1.9526,1.0111,0.0046,6.2266,6.4039,2.0044,18.5801,444,1048604,true
RSA-PRE,common-modulus-3072-demo,1048576,30,0.9135,2.1224,0.8280,0.0044,6.3498,6.4877,1.6742,18.3802,444,1048604,true
RSA-PRE,common-modulus-3072-demo,1048576,31,0.9255,2.1929,1.1864,0.0049,6.4224,6.1674,2.0263,18.9262,444,1048604,true
RSA-PRE,common-modulus-3072-demo,1048576,32,0.9206,2.4126,0.8566,0.0042,6.3486,6.7308,1.7684,19.0419,444,1048604,true
RSA-PRE,common-modulus-3072-demo,1048576,33,1.0362,2.0473,0.8761,0.0044,6.3244,6.9776,1.7749,19.0413,444,1048604,true
RSA-PRE,common-modulus-3072-demo,1048576,34,0.9374,1.9629,0.8365,0.0040,6.6050,6.2003,1.5801,18.1266,444,1048604,true
RSA-PRE,common-modulus-3072-demo,1048576,35,1.0417,2.0636,0.9399,0.0042,6.1204,6.5450,1.9758,18.6906,444,1048604,true
RSA-PRE,common-modulus-3072-demo,1048576,36,0.9720,2.5919,0.8800,0.0047,6.1964,6.5912,1.8479,19.0845,444,1048604,true
RSA-PRE,common-modulus-3072-demo,1048576,37,0.8956,2.0389,1.1396,0.0045,6.1324,6.8714,1.7980,18.8808,444,1048604,true
RSA-PRE,common-modulus-3072-demo,1048576,38,1.0223,2.0030,0.8400,0.0041,6.9950,6.1587,1.7085,18.7317,444,1048604,true
RSA-PRE,common-modulus-3072-demo,1048576,39,0.9654,2.3342,1.1564,0.0049,6.3700,7.0719,1.9780,19.8809,444,1048604,true
RSA-PRE,common-modulus-3072-demo,1048576,40,1.3561,2.4049,0.8406,0.0057,6.2180,6.3968,1.7855,19.0079,444,1048604,true
RSA-PRE,common-modulus-3072-demo,1048576,41,0.9418,2.2514,1.1223,0.0044,6.0628,6.8032,1.5437,18.7298,444,1048604,true
RSA-PRE,common-modulus-3072-demo,1048576,42,0.9832,2.5614,0.8959,0.0041,6.2554,6.5662,2.1395,19.4061,444,1048604,true
RSA-PRE,common-modulus-3072-demo,1048576,43,1.0846,2.4020,0.8644,0.0045,6.4021,6.5338,1.7445,19.0364,444,1048604,true
RSA-PRE,common-modulus-3072-demo,1048576,44,0.9534,2.2075,1.1792,0.0051,6.1572,6.2459,2.2219,18.9703,444,1048604,true
RSA-PRE,common-modulus-3072-demo,1048576,45,0.9995,2.0566,0.8821,0.0047,6.1745,6.9152,2.2001,19.2332,444,1048604,true
RSA-PRE,common-modulus-3072-demo,1048576,46,0.9196,2.1173,0.8268,0.0048,6.0903,6.9462,2.0253,18.9308,444,1048604,true
RSA-PRE,common-modulus-3072-demo,1048576,47,0.9714,2.2098,0.8424,0.0047,6.2951,6.4113,1.9954,18.7304,444,1048604,true
RSA-PRE,common-modulus-3072-demo,1048576,48,1.0299,2.2949,0.9461,0.0052,6.5041,6.9141,2.2454,19.9405,444,1048604,true
RSA-PRE,common-modulus-3072-demo,1048576,49,0.9507,2.0000,0.8380,0.0043,6.1846,6.3158,1.8286,18.1224,444,1048604,true
RSA-PRE,common-modulus-3072-demo,1048576,50,0.8813,2.0951,0.8594,0.0268,6.1620,6.1566,1.5839,17.7652,444,1048604,true
RSA-PRE,common-modulus-3072-demo,1048576,51,0.9930,2.2651,0.9200,0.0042,6.5483,6.2098,2.0012,18.9419,444,1048604,true
RSA-PRE,common-modulus-3072-demo,1048576,52,1.0955,2.1869,0.9250,0.0044,6.4043,6.8129,1.7512,19.1806,444,1048604,true
RSA-PRE,common-modulus-3072-demo,1048576,53,0.9275,2.3036,0.8637,0.0043,6.4530,6.3144,1.7182,18.5850,444,1048604,true
RSA-PRE,common-modulus-3072-demo,1048576,54,0.9177,2.1097,0.7890,0.0040,6.8399,6.5988,1.8525,19.1120,444,1048604,true
RSA-PRE,common-modulus-3072-demo,1048576,55,0.9164,2.3856,1.1685,0.0048,6.2371,7.2163,2.1025,20.0317,444,1048604,true
RSA-PRE,common-modulus-3072-demo,1048576,56,1.0187,2.4339,1.1436,0.0051,6.3528,7.1029,1.7125,19.7698,444,1048604,true
RSA-PRE,common-modulus-3072-demo,1048576,57,1.0768,2.2355,0.9510,0.0044,6.5905,6.9036,1.9463,19.7084,444,1048604,true
RSA-PRE,common-modulus-3072-demo,1048576,58,1.0225,2.1102,0.8448,0.0041,7.1573,6.2500,1.6152,19.0043,444,1048604,true
RSA-PRE,common-modulus-3072-demo,1048576,59,1.0123,2.1831,0.9722,0.0060,6.2682,6.1555,1.8221,18.4197,444,1048604,true
RSA-PRE,common-modulus-3072-demo,1048576,60,1.3926,2.3065,1.0709,0.0044,6.7437,6.6294,2.0865,20.2344,444,1048604,true
RSA-PRE,common-modulus-3072-demo,1048576,61,1.1354,2.3032,0.9865,0.0049,6.0904,6.7848,1.6678,18.9733,444,1048604,true
RSA-PRE,common-modulus-3072-demo,1048576,62,1.0711,2.2053,0.8728,0.0041,6.3413,7.1475,1.5643,19.2066,444,1048604,true
RSA-PRE,common-modulus-3072-demo,1048576,63,0.9050,2.6760,0.9448,0.0043,6.1462,6.8653,1.9122,19.4542,444,1048604,true
RSA-PRE,common-modulus-3072-demo,1048576,64,1.0082,2.4648,0.9358,0.0042,6.3696,6.9343,1.6110,19.3282,444,1048604,true
RSA-PRE,common-modulus-3072-demo,1048576,65,1.0397,2.1875,1.2267,0.0058,6.4244,6.1369,2.0104,19.0319,444,1048604,true
RSA-PRE,common-modulus-3072-demo,1048576,66,1.0494,2.3142,0.9410,0.0058,6.4753,6.5212,1.7946,19.1018,444,1048604,true
RSA-PRE,common-modulus-3072-demo,1048576,67,1.0844,2.4653,0.8937,0.0044,6.5658,6.5871,1.7748,19.3759,444,1048604,true
RSA-PRE,common-modulus-3072-demo,1048576,68,0.9320,2.3715,0.8440,0.0039,6.6711,7.0573,1.9522,19.8324,444,1048604,true
RSA-PRE,common-modulus-3072-demo,1048576,69,1.0296,2.2458,0.8382,0.0038,6.6326,7.0759,2.0502,19.8766,444,1048604,true
RSA-PRE,common-modulus-3072-demo,1048576,70,1.0972,2.3535,0.9318,0.0041,6.1989,6.4913,1.7216,18.7985,444,1048604,true
RSA-PRE,common-modulus-3072-demo,1048576,71,1.1351,2.5769,0.9787,0.0046,6.8985,6.7953,1.7470,20.1362,444,1048604,true
RSA-PRE,common-modulus-3072-demo,1048576,72,1.0543,2.7172,1.2460,0.0050,6.8047,7.1161,1.9254,20.8692,444,1048604,true
RSA-PRE,common-modulus-3072-demo,1048576,73,0.9509,2.2101,0.8676,0.0049,6.4246,7.0304,1.9057,19.3946,444,1048604,true
RSA-PRE,common-modulus-3072-demo,1048576,74,1.0140,2.2842,1.4111,0.0057,6.4476,6.8134,1.8911,19.8676,444,1048604,true
RSA-PRE,common-modulus-3072-demo,1048576,75,1.0173,2.1211,0.8870,0.0135,6.3460,6.5542,2.0458,18.9857,444,1048604,true
RSA-PRE,common-modulus-3072-demo,1048576,76,1.0876,2.2337,1.1392,0.0053,6.4458,7.3756,1.9503,20.2386,444,1048604,true
RSA-PRE,common-modulus-3072-demo,1048576,77,1.0119,2.3734,1.0159,0.0136,6.3484,6.6463,5.7714,23.1811,444,1048604,true
RSA-PRE,common-modulus-3072-demo,1048576,78,1.0243,2.4317,0.9352,0.0056,6.3692,6.3152,1.9150,18.9965,444,1048604,true
RSA-PRE,common-modulus-3072-demo,1048576,79,1.0410,2.1307,0.9478,0.0054,6.5129,6.3988,1.7943,18.8312,444,1048604,true
RSA-PRE,common-modulus-3072-demo,1048576,80,1.2373,2.4844,0.9638,0.0099,6.6501,6.7777,1.7015,19.8255,444,1048604,true
RSA-PRE,common-modulus-3072-demo,1048576,81,0.9500,2.3391,0.9958,0.0055,6.3615,6.6466,1.6570,18.9557,444,1048604,true
RSA-PRE,common-modulus-3072-demo,1048576,82,1.0229,2.1616,0.9620,0.0055,6.4878,6.8085,1.9737,19.4225,444,1048604,true
RSA-PRE,common-modulus-3072-demo,1048576,83,1.1391,2.3110,0.9223,0.0052,6.4907,6.8002,1.8686,19.5373,444,1048604,true
RSA-PRE,common-modulus-3072-demo,1048576,84,1.1095,2.2394,0.9686,0.0057,6.4463,6.6951,1.9019,19.3669,444,1048604,true
RSA-PRE,common-modulus-3072-demo,1048576,85,1.0128,2.4437,0.9316,0.0500,6.1371,7.3843,1.8077,19.7676,444,1048604,true
RSA-PRE,common-modulus-3072-demo,1048576,86,0.9953,2.0463,0.8635,0.0040,6.5221,6.8693,1.7674,19.0682,444,1048604,true
RSA-PRE,common-modulus-3072-demo,1048576,87,0.9313,2.4232,0.9289,0.0057,6.2345,6.5283,1.9518,19.0039,444,1048604,true
RSA-PRE,common-modulus-3072-demo,1048576,88,1.0399,2.1786,1.0268,0.0050,6.1417,6.5547,1.8248,18.7721,444,1048604,true
RSA-PRE,common-modulus-3072-demo,1048576,89,0.9777,2.0505,0.9168,0.0053,6.1206,6.8076,1.6656,18.5446,444,1048604,true
RSA-PRE,common-modulus-3072-demo,1048576,90,0.9485,2.1853,0.9610,0.0046,6.2800,6.5827,1.7885,18.7511,444,1048604,true
RSA-PRE,common-modulus-3072-demo,1048576,91,1.0591,2.0967,1.0718,0.0046,6.2556,6.4029,1.8729,18.7638,444,1048604,true
RSA-PRE,common-modulus-3072-demo,1048576,92,1.0017,2.3703,0.8252,0.0039,6.2467,6.9298,1.8250,19.2026,444,1048604,true
RSA-PRE,common-modulus-3072-demo,1048576,93,0.9374,2.0836,1.2020,0.0042,6.1369,6.3345,2.2168,18.9157,444,1048604,true
RSA-PRE,common-modulus-3072-demo,1048576,94,1.0907,2.0377,0.8196,0.0040,6.8695,6.8401,2.1462,19.8080,444,1048604,true
RSA-PRE,common-modulus-3072-demo,1048576,95,1.0883,2.1233,1.2458,0.0051,6.8639,6.9703,1.8876,20.1848,444,1048604,true
RSA-PRE,common-modulus-3072-demo,1048576,96,0.9489,2.0983,1.1923,0.0058,6.1222,6.2987,1.7489,18.4154,444,1048604,true
RSA-PRE,common-modulus-3072-demo,1048576,97,0.9203,2.2788,0.8124,0.0038,6.3077,6.7380,1.7658,18.8272,444,1048604,true
RSA-PRE,common-modulus-3072-demo,1048576,98,1.1074,2.4139,0.9116,0.0047,6.3070,7.1573,1.6705,19.5728,444,1048604,true
RSA-PRE,common-modulus-3072-demo,1048576,99,0.9880,2.2626,1.1214,0.0051,6.6941,6.2319,1.9167,19.2200,444,1048604,true
RSA-PRE,common-modulus-3072-demo,1048576,100,1.0700,2.2229,0.9065,0.0045,6.4368,7.4405,1.8783,19.9599,444,1048604,true
RSA-PRE,common-modulus-3072-demo,10485760,1,0.9986,3.1848,0.9377,0.0052,6.3591,6.2468,2.8104,20.5435,444,10485788,true
RSA-PRE,common-modulus-3072-demo,10485760,2,0.9870,3.3258,0.9597,0.0054,6.2296,6.6600,2.7044,20.8727,444,10485788,true
RSA-PRE,common-modulus-3072-demo,10485760,3,1.0565,3.2879,0.9596,0.0121,6.3238,6.6153,2.9032,21.1589,444,10485788,true
RSA-PRE,common-modulus-3072-demo,10485760,4,0.9024,3.2631,0.9297,0.0081,6.4270,6.4881,2.7914,20.8104,444,10485788,true
RSA-PRE,common-modulus-3072-demo,10485760,5,1.1807,4.0720,1.2093,0.0106,6.1619,6.7279,3.0884,22.4514,444,10485788,true
RSA-PRE,common-modulus-3072-demo,10485760,6,1.0389,3.2081,0.9139,0.0028,6.1801,6.6263,2.7890,20.7596,444,10485788,true
RSA-PRE,common-modulus-3072-demo,10485760,7,0.9747,3.2498,0.8950,0.0027,6.1699,6.5971,2.8134,20.7030,444,10485788,true
RSA-PRE,common-modulus-3072-demo,10485760,8,1.1014,3.0050,0.9075,0.0027,6.3118,6.6093,2.6702,20.6085,444,10485788,true
RSA-PRE,common-modulus-3072-demo,10485760,9,1.0344,3.2005,0.9057,0.0032,6.1388,6.7083,2.6374,20.6292,444,10485788,true
RSA-PRE,common-modulus-3072-demo,10485760,10,0.9903,3.0259,0.9319,0.0037,6.7148,6.7064,2.6008,20.9749,444,10485788,true
RSA-PRE,common-modulus-3072-demo,10485760,11,1.1210,3.7401,1.0147,0.0045,6.1430,7.2842,2.5525,21.8606,444,10485788,true
RSA-PRE,common-modulus-3072-demo,10485760,12,0.9867,3.2039,0.9721,0.0028,6.4383,6.5266,2.6628,20.7942,444,10485788,true
RSA-PRE,common-modulus-3072-demo,10485760,13,0.9376,3.2109,1.0182,0.0040,6.3178,6.4660,2.7019,20.6571,444,10485788,true
RSA-PRE,common-modulus-3072-demo,10485760,14,0.9383,3.0735,1.4897,0.0037,6.0890,6.5375,2.6464,20.7786,444,10485788,true
RSA-PRE,common-modulus-3072-demo,10485760,15,1.0762,3.2512,0.8959,0.0026,6.4166,6.2321,2.6618,20.5372,444,10485788,true
RSA-PRE,common-modulus-3072-demo,10485760,16,1.0310,3.5218,1.1742,0.0029,6.5300,6.3658,2.9214,21.5479,444,10485788,true
RSA-PRE,common-modulus-3072-demo,10485760,17,1.0906,3.5683,1.1062,0.0050,6.1221,6.7373,3.1230,21.7526,444,10485788,true
RSA-PRE,common-modulus-3072-demo,10485760,18,1.0149,3.3185,1.0690,0.0036,6.1029,6.5136,2.4128,20.4362,444,10485788,true
RSA-PRE,common-modulus-3072-demo,10485760,19,1.0596,2.9932,0.9656,0.0037,6.4385,6.2559,2.4312,20.1483,444,10485788,true
RSA-PRE,common-modulus-3072-demo,10485760,20,1.1506,3.3225,1.0069,0.0031,6.1702,6.2088,2.7476,20.6101,444,10485788,true
RSA-PRE,common-modulus-3072-demo,10485760,21,1.4026,3.5841,1.0564,0.0042,6.1797,6.2425,2.4175,20.8878,444,10485788,true
RSA-PRE,common-modulus-3072-demo,10485760,22,1.0734,3.6567,0.9358,0.0035,6.4445,6.2256,2.8900,21.2303,444,10485788,true
RSA-PRE,common-modulus-3072-demo,10485760,23,1.0596,3.0733,0.9778,0.0028,6.7379,6.4668,2.8775,21.1963,444,10485788,true
RSA-PRE,common-modulus-3072-demo,10485760,24,1.0372,8.5937,1.2370,0.0046,6.5467,6.9496,2.7344,27.1032,444,10485788,true
RSA-PRE,common-modulus-3072-demo,10485760,25,0.9846,3.1409,0.9592,0.0034,6.3774,6.6818,2.6595,20.8072,444,10485788,true
RSA-PRE,common-modulus-3072-demo,10485760,26,0.9556,3.2302,1.2149,0.0181,6.3337,6.3035,2.6544,20.7115,444,10485788,true
RSA-PRE,common-modulus-3072-demo,10485760,27,1.1261,3.9862,1.0503,0.0029,6.2837,6.6027,2.4874,21.5404,444,10485788,true
RSA-PRE,common-modulus-3072-demo,10485760,28,0.9494,3.1527,0.9673,0.0033,6.4042,6.8726,2.5983,20.9484,444,10485788,true
RSA-PRE,common-modulus-3072-demo,10485760,29,0.9752,3.2789,1.0759,0.0031,6.2907,6.8604,3.6869,22.1715,444,10485788,true
RSA-PRE,common-modulus-3072-demo,10485760,30,1.2483,3.4805,1.0071,0.0028,6.3457,7.1041,2.5957,21.7852,444,10485788,true
RSA-PRE,common-modulus-3072-demo,10485760,31,0.9564,9.2275,1.2288,0.0101,6.8594,6.7675,2.6582,27.7084,444,10485788,true
RSA-PRE,common-modulus-3072-demo,10485760,32,1.0168,3.8972,1.7681,0.0042,6.1506,6.2714,2.6464,21.7557,444,10485788,true
RSA-PRE,common-modulus-3072-demo,10485760,33,0.9978,3.4740,1.0423,0.0034,6.1366,6.4028,2.8924,20.9504,444,10485788,true
RSA-PRE,common-modulus-3072-demo,10485760,34,0.9828,3.7973,1.0557,0.0040,6.3364,6.7607,2.5108,21.4487,444,10485788,true
RSA-PRE,common-modulus-3072-demo,10485760,35,1.2375,3.4694,0.9497,0.0026,6.1530,6.5729,2.7846,21.1702,444,10485788,true
RSA-PRE,common-modulus-3072-demo,10485760,36,0.9562,3.2663,1.1770,0.0031,6.1141,6.7005,2.5772,20.7953,444,10485788,true
RSA-PRE,common-modulus-3072-demo,10485760,37,1.0229,3.4209,0.9123,0.0031,6.8087,6.7963,2.7300,21.6951,444,10485788,true
RSA-PRE,common-modulus-3072-demo,10485760,38,0.9836,8.1311,1.3822,0.0090,6.1388,6.5517,2.6698,25.8666,444,10485788,true
RSA-PRE,common-modulus-3072-demo,10485760,39,1.0254,3.4118,1.0598,0.0038,6.1783,6.2611,3.0346,20.9755,444,10485788,true
RSA-PRE,common-modulus-3072-demo,10485760,40,0.9914,3.2308,0.9190,0.0027,6.2266,6.2480,2.8095,20.4287,444,10485788,true
RSA-PRE,common-modulus-3072-demo,10485760,41,1.1100,3.5404,0.9482,0.0027,6.1078,6.9360,2.7918,21.4376,444,10485788,true
RSA-PRE,common-modulus-3072-demo,10485760,42,1.0373,3.8176,1.4585,0.0044,6.2091,6.8073,2.5114,21.8466,444,10485788,true
RSA-PRE,common-modulus-3072-demo,10485760,43,0.9466,3.2135,0.9425,0.0042,6.4474,6.2781,2.6835,20.5164,444,10485788,true
RSA-PRE,common-modulus-3072-demo,10485760,44,1.0383,3.6148,0.9921,0.0028,6.6616,6.1579,2.7685,21.2367,444,10485788,true
RSA-PRE,common-modulus-3072-demo,10485760,45,1.0776,7.4227,1.2930,0.0058,6.1504,6.4159,2.8764,25.2423,444,10485788,true
RSA-PRE,common-modulus-3072-demo,10485760,46,1.1773,3.2546,0.9981,0.0029,6.1366,6.5106,2.7994,20.8798,444,10485788,true
RSA-PRE,common-modulus-3072-demo,10485760,47,1.0230,3.1897,1.0014,0.0029,6.1358,6.5040,2.7323,20.5896,444,10485788,true
RSA-PRE,common-modulus-3072-demo,10485760,48,0.9854,3.3835,1.0099,0.0027,6.1744,6.2898,2.8075,20.6538,444,10485788,true
RSA-PRE,common-modulus-3072-demo,10485760,49,1.6171,3.4517,0.9648,0.0029,6.1526,6.5684,2.5254,21.2834,444,10485788,true
RSA-PRE,common-modulus-3072-demo,10485760,50,1.0766,3.2608,0.9236,0.0026,6.2322,6.3472,2.5824,20.4258,444,10485788,true
RSA-PRE,common-modulus-3072-demo,10485760,51,1.0629,3.1492,0.9769,0.0037,6.7792,6.2957,2.8398,21.1084,444,10485788,true
RSA-PRE,common-modulus-3072-demo,10485760,52,1.0788,3.5734,0.9752,0.0027,6.1850,6.4381,3.6621,21.9161,444,10485788,true
RSA-PRE,common-modulus-3072-demo,10485760,53,1.0538,3.1611,1.2962,0.0038,6.0585,6.4413,2.8792,20.8943,444,10485788,true
RSA-PRE,common-modulus-3072-demo,10485760,54,0.9725,3.4773,0.9514,0.0043,6.0994,6.3783,2.7250,20.6085,444,10485788,true
RSA-PRE,common-modulus-3072-demo,10485760,55,1.0020,3.2902,0.9521,0.0031,6.0766,6.4882,2.6703,20.4832,444,10485788,true
RSA-PRE,common-modulus-3072-demo,10485760,56,1.0491,3.2927,0.9452,0.0027,6.2532,6.4477,2.6263,20.6176,444,10485788,true
RSA-PRE,common-modulus-3072-demo,10485760,57,1.0366,3.2616,0.9456,0.0026,6.3312,6.1610,2.7440,20.4832,444,10485788,true
RSA-PRE,common-modulus-3072-demo,10485760,58,0.8868,3.3142,1.2099,0.0032,6.3363,6.3412,2.9716,21.0636,444,10485788,true
RSA-PRE,common-modulus-3072-demo,10485760,59,1.0184,3.7816,1.0410,0.0031,6.3095,6.7749,3.2822,22.2114,444,10485788,true
RSA-PRE,common-modulus-3072-demo,10485760,60,1.3167,3.8649,1.3195,0.0031,6.2114,6.1987,2.7463,21.6616,444,10485788,true
RSA-PRE,common-modulus-3072-demo,10485760,61,0.9894,3.4829,0.9873,0.0026,6.3443,6.9038,3.0124,21.7238,444,10485788,true
RSA-PRE,common-modulus-3072-demo,10485760,62,1.1548,3.3153,0.9659,0.0031,6.2687,6.5204,2.9231,21.1518,444,10485788,true
RSA-PRE,common-modulus-3072-demo,10485760,63,1.0206,3.4040,0.9568,0.0042,6.3979,6.5238,2.5733,20.8808,444,10485788,true
RSA-PRE,common-modulus-3072-demo,10485760,64,0.9490,3.1855,1.0140,0.0027,6.2125,6.1313,2.6782,20.1737,444,10485788,true
RSA-PRE,common-modulus-3072-demo,10485760,65,0.9125,3.8675,1.1076,0.0053,6.1404,6.9583,2.7578,21.7502,444,10485788,true
RSA-PRE,common-modulus-3072-demo,10485760,66,1.0123,3.3188,0.9422,0.0028,6.3007,6.0423,3.0219,20.6416,444,10485788,true
RSA-PRE,common-modulus-3072-demo,10485760,67,1.0650,3.3165,1.3044,0.0035,6.2607,6.7319,2.7361,21.4188,444,10485788,true
RSA-PRE,common-modulus-3072-demo,10485760,68,1.0659,3.2049,1.1132,0.0033,10.0267,8.8926,3.1642,27.4719,444,10485788,true
RSA-PRE,common-modulus-3072-demo,10485760,69,0.9282,3.2293,0.9647,0.0035,6.6728,6.9868,2.6691,21.4549,444,10485788,true
RSA-PRE,common-modulus-3072-demo,10485760,70,1.0750,3.4997,1.0015,0.0118,7.4781,6.8094,3.0072,22.8833,444,10485788,true
RSA-PRE,common-modulus-3072-demo,10485760,71,0.9321,3.1660,0.9431,0.0029,6.6949,6.7474,2.7510,21.2380,444,10485788,true
RSA-PRE,common-modulus-3072-demo,10485760,72,0.9971,3.4190,1.0214,0.0047,6.1048,6.2448,2.9046,20.6972,444,10485788,true
RSA-PRE,common-modulus-3072-demo,10485760,73,0.9570,3.3753,1.3297,0.0029,6.2117,7.3233,2.6702,21.8711,444,10485788,true
RSA-PRE,common-modulus-3072-demo,10485760,74,0.9751,3.0285,0.9721,0.0027,6.3907,6.3320,2.6445,20.3463,444,10485788,true
RSA-PRE,common-modulus-3072-demo,10485760,75,0.9896,3.4262,0.9271,0.0185,6.2746,6.6341,3.3237,21.5946,444,10485788,true
RSA-PRE,common-modulus-3072-demo,10485760,76,1.3323,2.9966,1.0344,0.0025,6.0912,6.5058,2.4484,20.4121,444,10485788,true
RSA-PRE,common-modulus-3072-demo,10485760,77,0.9582,3.4085,0.9221,0.0027,6.1711,6.4990,2.8046,20.7671,444,10485788,true
RSA-PRE,common-modulus-3072-demo,10485760,78,0.9623,3.3473,1.1955,0.0039,6.2380,6.5209,2.6880,20.9570,444,10485788,true
RSA-PRE,common-modulus-3072-demo,10485760,79,0.9736,3.0362,0.9600,0.0028,6.2392,6.6498,2.8423,20.7043,444,10485788,true
RSA-PRE,common-modulus-3072-demo,10485760,80,1.0549,3.2529,0.9862,0.0031,6.0972,6.7055,3.6853,21.7855,444,10485788,true
RSA-PRE,common-modulus-3072-demo,10485760,81,0.9866,3.3290,0.9472,0.0043,6.2940,6.1243,2.4469,20.1330,444,10485788,true
RSA-PRE,common-modulus-3072-demo,10485760,82,0.9937,3.2283,0.9303,0.0029,6.4271,6.3743,2.9579,20.9154,444,10485788,true
RSA-PRE,common-modulus-3072-demo,10485760,83,0.9459,3.5118,1.0589,0.0039,6.7609,6.2564,2.9881,21.5267,444,10485788,true
RSA-PRE,common-modulus-3072-demo,10485760,84,1.0179,3.2595,0.9479,0.0028,6.2658,6.3739,2.4441,20.3125,444,10485788,true
RSA-PRE,common-modulus-3072-demo,10485760,85,0.9992,3.1772,1.0910,0.0031,6.3219,6.0423,2.6923,20.3277,444,10485788,true
RSA-PRE,common-modulus-3072-demo,10485760,86,1.1658,3.2978,0.9962,0.0030,6.2087,6.7846,3.0301,21.4869,444,10485788,true
RSA-PRE,common-modulus-3072-demo,10485760,87,1.1289,3.9463,1.0786,0.0028,6.1773,6.8095,2.7045,21.8489,444,10485788,true
RSA-PRE,common-modulus-3072-demo,10485760,88,1.1603,3.2567,1.4607,0.0037,6.1331,6.3324,3.6368,21.9848,444,10485788,true
RSA-PRE,common-modulus-3072-demo,10485760,89,1.0595,3.5484,1.3468,0.0047,6.2481,6.4583,2.7732,21.4396,444,10485788,true
RSA-PRE,common-modulus-3072-demo,10485760,90,1.0124,3.4191,1.2740,0.0039,6.1492,6.3342,2.8777,21.0712,444,10485788,true
RSA-PRE,common-modulus-3072-demo,10485760,91,0.9427,3.3110,0.9623,0.0030,6.2091,6.9265,2.7577,21.1128,444,10485788,true
RSA-PRE,common-modulus-3072-demo,10485760,92,0.9889,3.3092,0.9929,0.0036,6.9440,6.1483,2.8322,21.2200,444,10485788,true
RSA-PRE,common-modulus-3072-demo,10485760,93,0.9863,4.4776,1.1773,0.0032,6.2852,6.8234,3.3223,23.0758,444,10485788,true
RSA-PRE,common-modulus-3072-demo,10485760,94,1.3758,3.4748,1.0284,0.0392,6.6235,7.0758,2.4273,22.0458,444,10485788,true
RSA-PRE,common-modulus-3072-demo,10485760,95,0.9874,3.5904,0.9897,0.0028,6.3061,6.9764,2.9774,21.8311,444,10485788,true
RSA-PRE,common-modulus-3072-demo,10485760,96,1.0727,3.2285,0.9056,0.0027,6.8630,6.4423,3.6341,22.1496,444,10485788,true
RSA-PRE,common-modulus-3072-demo,10485760,97,1.1524,4.0330,1.3091,0.0057,6.1963,6.7249,2.6275,22.0500,444,10485788,true
RSA-PRE,common-modulus-3072-demo,10485760,98,0.8819,3.3576,1.1793,0.0039,6.4481,6.4839,3.5885,21.9443,444,10485788,true
RSA-PRE,common-modulus-3072-demo,10485760,99,1.3466,3.4681,1.0015,0.0044,6.1631,6.5771,2.7259,21.2878,444,10485788,true
RSA-PRE,common-modulus-3072-demo,10485760,100,1.0420,3.4620,0.9552,0.0026,6.0501,6.5271,2.7554,20.7953,444,10485788,true
ECC-PRE,P-256-demo,1024,1,6.7125,0.5536,8.4085,0.1440,3.6184,3.3289,0.0063,22.7748,125,1052,true
ECC-PRE,P-256-demo,1024,2,7.6636,0.5395,7.4814,0.1246,3.8255,3.8158,0.0079,23.4605,125,1052,true
ECC-PRE,P-256-demo,1024,3,7.1924,0.4255,7.5798,0.1602,3.6708,3.2400,0.0064,22.2772,125,1052,true
ECC-PRE,P-256-demo,1024,4,7.0124,0.4165,7.6343,0.1578,3.5926,3.4841,0.0059,22.3054,125,1052,true
ECC-PRE,P-256-demo,1024,5,6.6862,0.6636,7.4577,0.1517,3.3930,3.0873,0.0057,21.4479,125,1052,true
ECC-PRE,P-256-demo,1024,6,7.1378,0.4602,6.8762,0.1680,3.4277,3.4430,0.0059,21.5224,125,1052,true
ECC-PRE,P-256-demo,1024,7,6.5870,0.4857,8.0242,0.0994,3.5676,3.3631,0.0049,22.1336,125,1052,true
ECC-PRE,P-256-demo,1024,8,7.1225,0.7879,7.4637,0.1309,3.4984,3.1963,0.0061,22.2084,125,1052,true
ECC-PRE,P-256-demo,1024,9,6.9780,0.3836,6.8543,0.0696,3.4874,3.5977,0.0064,21.3786,125,1052,true
ECC-PRE,P-256-demo,1024,10,6.9647,0.7891,8.0389,0.1014,3.2630,3.3281,0.0051,22.4920,125,1052,true
ECC-PRE,P-256-demo,1024,11,6.9520,0.5158,7.5549,0.0950,3.3325,3.6257,0.0061,22.0842,125,1052,true
ECC-PRE,P-256-demo,1024,12,6.9021,0.3957,6.8371,0.1485,3.4791,3.4303,0.0058,21.2005,125,1052,true
ECC-PRE,P-256-demo,1024,13,6.5485,0.4137,7.3829,0.1007,3.2457,3.4340,0.0111,21.1371,125,1052,true
ECC-PRE,P-256-demo,1024,14,7.1796,0.4006,7.7164,0.0898,3.6785,3.5049,0.0062,22.5764,125,1052,true
ECC-PRE,P-256-demo,1024,15,7.0481,0.3997,7.3635,0.0977,3.4743,3.6042,0.0056,21.9935,125,1052,true
ECC-PRE,P-256-demo,1024,16,6.7209,0.4645,7.3703,0.0988,3.4191,3.5348,0.0053,21.6140,125,1052,true
ECC-PRE,P-256-demo,1024,17,6.8589,0.3683,7.8820,0.1362,3.4781,3.2017,0.0080,21.9334,125,1052,true
ECC-PRE,P-256-demo,1024,18,7.0360,0.6032,6.6794,0.1759,3.3047,3.5810,0.0056,21.3860,125,1052,true
ECC-PRE,P-256-demo,1024,19,7.1876,0.5299,6.9548,0.0847,3.5874,3.3767,0.0054,21.7268,125,1052,true
ECC-PRE,P-256-demo,1024,20,7.3444,0.4449,7.4665,0.1440,3.4800,3.3769,0.0058,22.2627,125,1052,true
ECC-PRE,P-256-demo,1024,21,6.9090,0.3973,7.0150,0.0850,3.4881,3.7934,0.0053,21.6932,125,1052,true
ECC-PRE,P-256-demo,1024,22,6.5543,0.4276,6.9051,0.1232,3.5540,3.3168,0.0127,20.8941,125,1052,true
ECC-PRE,P-256-demo,1024,23,6.7884,0.7452,7.8304,0.1513,3.5502,4.0911,0.0047,23.1617,125,1052,true
ECC-PRE,P-256-demo,1024,24,6.7358,0.4355,6.9687,0.0946,3.4034,3.4499,0.0054,21.0935,125,1052,true
ECC-PRE,P-256-demo,1024,25,6.7784,0.4524,9.0054,0.0880,3.4103,3.6944,0.0054,23.4344,125,1052,true
ECC-PRE,P-256-demo,1024,26,7.1259,0.4137,7.4798,0.1097,3.4974,3.3845,0.0068,22.0183,125,1052,true
ECC-PRE,P-256-demo,1024,27,7.2774,0.4226,7.6012,0.1316,3.5723,3.3344,0.0056,22.3456,125,1052,true
ECC-PRE,P-256-demo,1024,28,6.9656,0.3986,8.1448,0.1005,3.8112,3.6856,0.0062,23.1127,125,1052,true
ECC-PRE,P-256-demo,1024,29,7.2299,0.8419,8.0426,0.1148,3.7435,3.7077,0.0060,23.6868,125,1052,true
ECC-PRE,P-256-demo,1024,30,7.4251,0.4462,7.1612,0.1445,3.7930,3.8744,0.0053,22.8501,125,1052,true
ECC-PRE,P-256-demo,1024,31,6.5315,0.3789,7.5599,0.1665,3.8082,3.8193,0.0065,22.2712,125,1052,true
ECC-PRE,P-256-demo,1024,32,7.1823,0.4449,7.2568,0.1324,3.3411,3.5238,0.0055,21.8871,125,1052,true
ECC-PRE,P-256-demo,1024,33,6.8984,0.4210,7.6062,0.1274,3.6384,3.4320,0.0053,22.1293,125,1052,true
ECC-PRE,P-256-demo,1024,34,6.5986,0.7355,7.1774,0.0895,3.4109,3.5174,0.0058,21.5355,125,1052,true
ECC-PRE,P-256-demo,1024,35,6.5867,0.5163,7.4476,0.0786,3.3894,3.3513,0.0054,21.3755,125,1052,true
ECC-PRE,P-256-demo,1024,36,7.2449,0.5077,7.9807,0.3013,3.4524,3.5527,0.0053,23.0454,125,1052,true
ECC-PRE,P-256-demo,1024,37,6.9679,0.4295,6.8736,0.5336,3.7174,3.2938,0.0054,21.8218,125,1052,true
ECC-PRE,P-256-demo,1024,38,6.6873,0.4651,7.5944,0.1737,3.4378,3.4156,0.0057,21.7799,125,1052,true
ECC-PRE,P-256-demo,1024,39,7.2733,0.4746,6.9052,0.1233,3.3527,3.9426,0.0054,22.0775,125,1052,true
ECC-PRE,P-256-demo,1024,40,7.1548,0.5162,7.6189,0.0747,3.4631,3.5109,0.0053,22.3440,125,1052,true
ECC-PRE,P-256-demo,1024,41,7.0963,0.6355,7.4094,0.0811,3.5688,3.4842,0.0059,22.2817,125,1052,true
ECC-PRE,P-256-demo,1024,42,7.2562,0.3789,7.3988,0.0797,3.3193,3.3881,0.0044,21.8255,125,1052,true
ECC-PRE,P-256-demo,1024,43,6.9941,0.3557,7.3151,0.0756,3.5181,3.3364,0.0045,21.5997,125,1052,true
ECC-PRE,P-256-demo,1024,44,7.2709,0.4552,7.4180,0.2915,3.7059,3.3039,0.0106,22.4563,125,1052,true
ECC-PRE,P-256-demo,1024,45,6.8905,0.4601,7.2265,0.1453,3.4457,3.2366,0.0057,21.4109,125,1052,true
ECC-PRE,P-256-demo,1024,46,7.2192,0.4601,7.6190,0.1126,3.9217,3.8040,0.0046,23.1415,125,1052,true
ECC-PRE,P-256-demo,1024,47,7.3043,0.4137,8.2520,0.0913,3.5447,3.3757,0.0054,22.9874,125,1052,true
ECC-PRE,P-256-demo,1024,48,7.0727,0.5049,7.1754,0.0800,3.3697,3.8462,0.0051,22.0543,125,1052,true
ECC-PRE,P-256-demo,1024,49,6.5873,0.3531,7.2977,0.1165,3.3894,3.4114,0.0063,21.1620,125,1052,true
ECC-PRE,P-256-demo,1024,50,7.4328,0.7240,7.9853,0.0744,3.2690,3.3488,0.0047,22.8394,125,1052,true
ECC-PRE,P-256-demo,1024,51,7.1524,0.4398,7.0861,0.0683,3.5377,3.4716,0.0053,21.7615,125,1052,true
ECC-PRE,P-256-demo,1024,52,6.5212,0.5658,7.0756,0.2450,3.8040,3.3353,0.0056,21.5528,125,1052,true
ECC-PRE,P-256-demo,1024,53,6.5308,0.4722,7.3148,0.0718,3.5113,3.2672,0.0052,21.1737,125,1052,true
ECC-PRE,P-256-demo,1024,54,7.3876,0.4198,8.0892,0.0983,3.3279,3.2153,0.0093,22.5477,125,1052,true
ECC-PRE,P-256-demo,1024,55,6.6947,0.7889,7.0568,0.0943,3.4618,4.1165,0.0057,22.2192,125,1052,true
ECC-PRE,P-256-demo,1024,56,6.6479,0.9685,7.5424,0.0778,3.1260,3.1434,0.0050,21.5115,125,1052,true
ECC-PRE,P-256-demo,1024,57,6.8589,0.5987,7.5637,0.1199,3.3642,3.4648,0.0052,21.9757,125,1052,true
ECC-PRE,P-256-demo,1024,58,7.1421,0.6719,7.2082,0.1688,4.3646,3.3001,0.0054,22.8615,125,1052,true
ECC-PRE,P-256-demo,1024,59,6.8621,0.4806,7.7109,0.1251,3.3089,3.1982,0.0054,21.6918,125,1052,true
ECC-PRE,P-256-demo,1024,60,7.6644,0.5222,7.3026,0.0765,3.7114,3.6012,0.0107,22.8893,125,1052,true
ECC-PRE,P-256-demo,1024,61,7.2799,0.6918,7.2616,0.0747,3.5526,3.3376,0.0061,22.2048,125,1052,true
ECC-PRE,P-256-demo,1024,62,7.0501,0.5606,8.3177,0.1430,5.5453,5.6925,0.0101,27.3203,125,1052,true
ECC-PRE,P-256-demo,1024,63,8.1214,0.5937,7.9728,0.0945,4.0545,3.7917,0.0060,24.6350,125,1052,true
ECC-PRE,P-256-demo,1024,64,6.6187,0.4073,7.5920,0.0787,3.5834,3.3163,0.0050,21.6017,125,1052,true
ECC-PRE,P-256-demo,1024,65,6.8595,0.4040,7.2448,0.0741,3.2718,3.5614,0.0045,21.4203,125,1052,true
ECC-PRE,P-256-demo,1024,66,6.8459,0.3030,7.1694,0.0719,3.5924,3.5586,0.0059,21.5476,125,1052,true
ECC-PRE,P-256-demo,1024,67,7.1277,0.5838,7.2701,0.0739,3.4034,3.7859,0.0040,22.2493,125,1052,true
ECC-PRE,P-256-demo,1024,68,7.3434,0.3771,7.1606,0.1016,3.4666,3.4490,0.0053,21.9040,125,1052,true
ECC-PRE,P-256-demo,1024,69,6.7692,0.3675,7.1727,0.0716,3.4846,4.0862,0.0064,21.9587,125,1052,true
ECC-PRE,P-256-demo,1024,70,8.3359,0.4032,7.1688,0.1041,3.8015,3.5715,0.0058,23.3909,125,1052,true
ECC-PRE,P-256-demo,1024,71,6.5747,0.3526,8.1920,0.3785,3.4161,3.1994,0.0055,22.1193,125,1052,true
ECC-PRE,P-256-demo,1024,72,6.8675,0.4023,7.3619,0.0711,3.4172,3.4034,0.0055,21.5291,125,1052,true
ECC-PRE,P-256-demo,1024,73,6.9859,0.4218,7.1962,0.0907,3.6886,3.3475,0.0056,21.7364,125,1052,true
ECC-PRE,P-256-demo,1024,74,6.8911,0.5067,7.0095,0.0794,3.3487,3.5188,0.0058,21.3602,125,1052,true
ECC-PRE,P-256-demo,1024,75,7.0332,0.3672,7.0497,0.0730,3.4692,3.4780,0.0054,21.4759,125,1052,true
ECC-PRE,P-256-demo,1024,76,6.9215,0.4404,7.4764,0.1469,3.6197,3.6442,0.0096,22.2591,125,1052,true
ECC-PRE,P-256-demo,1024,77,7.1957,0.4181,7.0011,0.1503,3.3639,3.5884,0.0054,21.7233,125,1052,true
ECC-PRE,P-256-demo,1024,78,7.1645,0.4766,6.7847,0.0532,3.5160,4.0073,0.0060,22.0087,125,1052,true
ECC-PRE,P-256-demo,1024,79,6.5213,0.7464,7.1111,0.2741,3.3904,3.2963,0.0055,21.3456,125,1052,true
ECC-PRE,P-256-demo,1024,80,6.8007,0.5347,8.1624,0.0692,3.4307,3.2561,0.0053,22.2593,125,1052,true
ECC-PRE,P-256-demo,1024,81,7.3290,0.4988,7.4019,0.1522,3.4273,3.4959,0.0042,22.3099,125,1052,true
ECC-PRE,P-256-demo,1024,82,7.3452,0.4742,7.4686,0.0905,3.4396,3.9900,0.0044,22.8128,125,1052,true
ECC-PRE,P-256-demo,1024,83,6.9839,0.7256,7.9343,0.0546,3.3597,3.2693,0.0053,22.3332,125,1052,true
ECC-PRE,P-256-demo,1024,84,6.5064,0.4958,7.0309,0.0680,3.3578,3.2985,0.0057,20.7635,125,1052,true
ECC-PRE,P-256-demo,1024,85,6.8697,0.3918,6.8699,0.0623,3.7275,3.4788,0.0057,21.4062,125,1052,true
ECC-PRE,P-256-demo,1024,86,6.7921,0.3771,7.6126,0.0928,3.6244,3.4302,0.0058,21.9353,125,1052,true
ECC-PRE,P-256-demo,1024,87,7.0673,0.8709,7.5222,0.0963,3.2732,3.4137,0.0056,22.2494,125,1052,true
ECC-PRE,P-256-demo,1024,88,7.5430,0.5643,7.5754,0.0575,3.6418,3.5419,0.0057,22.9302,125,1052,true
ECC-PRE,P-256-demo,1024,89,7.6362,0.5723,9.0782,0.1912,3.9179,3.5215,0.0055,24.9234,125,1052,true
ECC-PRE,P-256-demo,1024,90,6.9443,0.4638,7.5142,0.0508,3.4544,3.2126,0.0072,21.6475,125,1052,true
ECC-PRE,P-256-demo,1024,91,7.0656,0.3779,7.1534,0.0693,3.3967,3.2582,0.0049,21.3264,125,1052,true
ECC-PRE,P-256-demo,1024,92,6.4541,0.3597,7.1319,0.0687,3.5388,3.2250,0.0085,20.7874,125,1052,true
ECC-PRE,P-256-demo,1024,93,6.7461,0.3677,7.2776,0.1636,3.4818,3.1984,0.0055,21.2411,125,1052,true
ECC-PRE,P-256-demo,1024,94,7.1058,0.5281,7.2532,0.0934,3.7126,3.4010,0.0054,22.0998,125,1052,true
ECC-PRE,P-256-demo,1024,95,7.1273,0.6652,7.3316,0.0851,3.7939,3.3875,0.0063,22.3974,125,1052,true
ECC-PRE,P-256-demo,1024,96,7.3313,0.7830,7.4790,0.0534,3.5762,3.8874,0.0196,23.1303,125,1052,true
ECC-PRE,P-256-demo,1024,97,7.4061,0.4521,7.0837,0.1946,3.3127,3.4243,0.0056,21.8794,125,1052,true
ECC-PRE,P-256-demo,1024,98,7.3584,0.4168,7.8901,0.0612,3.3670,3.4756,0.0061,22.5757,125,1052,true
ECC-PRE,P-256-demo,1024,99,7.0900,0.3833,7.2904,0.0553,3.3462,3.3626,0.0054,21.5338,125,1052,true
ECC-PRE,P-256-demo,1024,100,7.0266,0.3851,7.3396,0.0634,3.4686,3.3276,0.0055,21.6168,125,1052,true
ECC-PRE,P-256-demo,102400,1,6.5998,0.4938,7.2027,0.0499,3.7090,3.5323,0.0319,21.6197,125,102428,true
ECC-PRE,P-256-demo,102400,2,7.1730,0.5398,8.2951,0.0630,3.3907,3.2540,0.0313,22.7472,125,102428,true
ECC-PRE,P-256-demo,102400,3,6.8331,0.3906,7.5425,0.0734,3.3907,3.4801,0.0571,21.7682,125,102428,true
ECC-PRE,P-256-demo,102400,4,7.9356,0.4884,7.5667,0.0880,3.3573,3.7212,0.0390,23.1968,125,102428,true
ECC-PRE,P-256-demo,102400,5,7.5012,0.5932,7.0427,0.0711,3.4166,3.3604,0.0318,22.0175,125,102428,true
ECC-PRE,P-256-demo,102400,6,6.3573,0.6940,8.0648,0.0558,3.5128,3.2033,0.0341,21.9228,125,102428,true
ECC-PRE,P-256-demo,102400,7,7.2792,0.6482,7.1548,0.0603,3.2457,3.3950,0.0313,21.8150,125,102428,true
ECC-PRE,P-256-demo,102400,8,6.7714,0.4804,7.2269,0.0625,3.6781,3.2769,0.0408,21.5376,125,102428,true
ECC-PRE,P-256-demo,102400,9,6.7347,0.4359,8.3750,0.0568,3.3296,3.3238,0.0315,22.2877,125,102428,true
ECC-PRE,P-256-demo,102400,10,7.2643,0.8955,6.9086,0.0518,3.5822,3.4811,0.0336,22.2175,125,102428,true
ECC-PRE,P-256-demo,102400,11,6.9652,0.4353,7.8074,0.0577,3.4060,3.3892,0.0408,22.1022,125,102428,true
ECC-PRE,P-256-demo,102400,12,6.8608,0.4957,7.3892,0.0834,3.5720,3.4886,0.0467,21.9368,125,102428,true
ECC-PRE,P-256-demo,102400,13,6.8105,0.4870,7.4154,0.0552,3.3518,3.5799,0.0407,21.7409,125,102428,true
ECC-PRE,P-256-demo,102400,14,7.4260,0.4675,7.9438,0.0650,3.4996,3.3435,0.0334,22.7791,125,102428,true
ECC-PRE,P-256-demo,102400,15,6.6131,0.7815,7.3989,0.0644,3.3092,3.6391,0.0420,21.8489,125,102428,true
ECC-PRE,P-256-demo,102400,16,7.1375,0.3825,7.5814,0.1237,3.2982,3.7815,0.0403,22.3456,125,102428,true
ECC-PRE,P-256-demo,102400,17,7.0329,0.4879,7.2143,0.1095,3.4318,3.1674,0.0372,21.4813,125,102428,true
ECC-PRE,P-256-demo,102400,18,6.9461,0.5485,7.6670,0.0913,3.3227,3.3958,0.0342,22.0058,125,102428,true
ECC-PRE,P-256-demo,102400,19,6.9271,0.3884,7.1093,0.0772,3.3239,3.5110,0.0374,21.3748,125,102428,true
ECC-PRE,P-256-demo,102400,20,6.5855,0.5303,8.2175,0.1538,3.3377,3.3767,0.0470,22.2491,125,102428,true
ECC-PRE,P-256-demo,102400,21,7.3097,0.5591,8.1655,0.0565,3.2774,3.6947,0.0440,23.1076,125,102428,true
ECC-PRE,P-256-demo,102400,22,7.2270,0.4526,6.8639,0.0484,3.4839,4.1024,0.0444,22.2232,125,102428,true
ECC-PRE,P-256-demo,102400,23,6.7069,0.6334,7.9756,0.0929,3.4714,3.3932,0.0395,22.3133,125,102428,true
ECC-PRE,P-256-demo,102400,24,6.9966,0.4301,7.3384,0.0579,3.2749,3.3304,0.0393,21.4677,125,102428,true
ECC-PRE,P-256-demo,102400,25,6.9556,0.3775,7.6470,0.0586,3.4352,3.5212,0.0450,22.0405,125,102428,true
ECC-PRE,P-256-demo,102400,26,6.9830,0.5134,7.0027,0.0568,3.7108,3.7139,0.0401,22.0211,125,102428,true
ECC-PRE,P-256-demo,102400,27,7.1302,0.6675,7.7481,0.0998,3.3767,3.2199,0.0397,22.2822,125,102428,true
ECC-PRE,P-256-demo,102400,28,7.0107,0.4930,7.0312,0.0514,3.3672,3.5562,0.0394,21.5494,125,102428,true
ECC-PRE,P-256-demo,102400,29,6.5634,0.4196,7.1495,0.0494,3.8514,3.5271,0.0440,21.6047,125,102428,true
ECC-PRE,P-256-demo,102400,30,6.9421,0.4918,7.7791,0.0561,3.2630,3.3104,0.0323,21.8752,125,102428,true
ECC-PRE,P-256-demo,102400,31,8.0250,0.4571,6.6732,0.0496,3.3800,4.1300,0.0392,22.7545,125,102428,true
ECC-PRE,P-256-demo,102400,32,6.4180,0.4738,7.0505,0.0767,3.9293,3.4082,0.0422,21.3992,125,102428,true
ECC-PRE,P-256-demo,102400,33,7.1657,0.4765,7.2325,0.0747,3.4219,3.5998,0.0392,22.0105,125,102428,true
ECC-PRE,P-256-demo,102400,34,7.1947,0.4669,7.0294,0.0518,3.4790,3.5662,0.0406,21.8289,125,102428,true
ECC-PRE,P-256-demo,102400,35,6.6276,0.4269,6.9055,0.0500,3.5929,3.2842,0.0407,20.9282,125,102428,true
ECC-PRE,P-256-demo,102400,36,6.7348,0.4586,7.7766,0.0737,3.5750,3.3213,0.0386,21.9789,125,102428,true
ECC-PRE,P-256-demo,102400,37,7.3672,0.5106,7.9992,0.0515,3.6310,3.9994,0.0543,23.6135,125,102428,true
ECC-PRE,P-256-demo,102400,38,7.8571,0.4652,7.5196,0.0548,3.7125,3.3891,0.0400,23.0386,125,102428,true
ECC-PRE,P-256-demo,102400,39,6.9204,0.4354,7.8222,0.0575,3.5663,3.3019,0.0408,22.1449,125,102428,true
ECC-PRE,P-256-demo,102400,40,7.0543,0.4234,6.9324,0.0484,3.3457,3.9950,0.0392,21.8385,125,102428,true
ECC-PRE,P-256-demo,102400,41,6.5928,0.6706,7.7921,0.0702,3.3964,3.1970,0.0315,21.7509,125,102428,true
ECC-PRE,P-256-demo,102400,42,6.7241,0.6667,7.7567,0.0621,3.5862,3.5519,0.0389,22.3869,125,102428,true
ECC-PRE,P-256-demo,102400,43,6.9484,0.4484,7.1267,0.0670,3.4295,3.6370,0.0363,21.6936,125,102428,true
ECC-PRE,P-256-demo,102400,44,6.5240,0.4918,8.8111,0.0724,3.3302,3.3623,0.0331,22.6255,125,102428,true
ECC-PRE,P-256-demo,102400,45,7.0150,0.3915,7.5991,0.0940,3.5282,3.3086,0.0393,21.9762,125,102428,true
ECC-PRE,P-256-demo,102400,46,6.5777,0.5923,7.7172,0.0605,3.3951,3.7126,0.0371,22.0928,125,102428,true
ECC-PRE,P-256-demo,102400,47,6.8479,0.4497,7.3741,0.0546,3.3496,3.4317,0.0451,21.5530,125,102428,true
ECC-PRE,P-256-demo,102400,48,6.5502,0.4807,7.6346,0.0520,3.3502,3.2493,0.0417,21.3593,125,102428,true
ECC-PRE,P-256-demo,102400,49,7.2080,0.4760,6.8739,0.0500,3.2504,3.5427,0.1415,21.5429,125,102428,true
ECC-PRE,P-256-demo,102400,50,7.0231,0.8202,7.0625,0.0565,3.6140,3.3871,0.0403,22.0038,125,102428,true
ECC-PRE,P-256-demo,102400,51,6.8562,0.7154,7.8480,0.0564,3.2819,3.2728,0.0342,22.0652,125,102428,true
ECC-PRE,P-256-demo,102400,52,7.3303,0.5438,6.9029,0.1643,3.5252,3.5199,0.0575,22.0443,125,102428,true
ECC-PRE,P-256-demo,102400,53,6.8715,0.4987,6.9671,0.0670,3.6343,3.3757,0.0413,21.4560,125,102428,true
ECC-PRE,P-256-demo,102400,54,6.9812,0.4275,7.6118,0.0783,3.2775,3.6181,0.0399,22.0349,125,102428,true
ECC-PRE,P-256-demo,102400,55,7.0948,0.4359,6.9386,0.0483,3.3816,3.2761,0.0398,21.2157,125,102428,true
ECC-PRE,P-256-demo,102400,56,6.7173,0.4552,7.1650,0.0541,3.8472,3.3855,0.0389,21.6636,125,102428,true
ECC-PRE,P-256-demo,102400,57,7.0414,0.5519,7.7007,0.0557,3.5640,3.3709,0.0393,22.3241,125,102428,true
ECC-PRE,P-256-demo,102400,58,7.3776,0.4216,7.0532,0.0530,3.8605,3.2778,0.0405,22.0847,125,102428,true
ECC-PRE,P-256-demo,102400,59,7.5998,0.7466,7.2720,0.0459,3.9313,3.4610,0.0367,23.0937,125,102428,true
ECC-PRE,P-256-demo,102400,60,7.0360,0.5390,7.8798,0.0888,3.2301,3.3484,0.0357,22.1585,125,102428,true
ECC-PRE,P-256-demo,102400,61,7.1611,0.4321,7.0144,0.0536,3.5901,3.5084,0.0401,21.8001,125,102428,true
ECC-PRE,P-256-demo,102400,62,6.8356,0.4797,7.3469,0.0553,3.7457,3.2957,0.0370,21.7967,125,102428,true
ECC-PRE,P-256-demo,102400,63,7.1965,0.5552,7.8530,0.0795,3.3701,3.4152,0.0399,22.5096,125,102428,true
ECC-PRE,P-256-demo,102400,64,6.8822,0.4808,6.7469,0.0859,3.3118,3.4292,0.0462,20.9833,125,102428,true
ECC-PRE,P-256-demo,102400,65,7.3418,0.5315,6.9952,0.0755,3.8965,3.3694,0.0402,22.2507,125,102428,true
ECC-PRE,P-256-demo,102400,66,6.8500,0.4121,7.4990,0.0607,3.5259,3.3200,0.0384,21.7065,125,102428,true
ECC-PRE,P-256-demo,102400,67,6.9766,0.4681,7.0668,0.0487,3.3768,3.5270,0.0411,21.5054,125,102428,true
ECC-PRE,P-256-demo,102400,68,7.1186,0.4344,6.9582,0.0465,3.5021,3.5368,0.0657,21.6624,125,102428,true
ECC-PRE,P-256-demo,102400,69,6.5039,0.4878,8.0093,0.0726,3.2761,3.2971,0.0387,21.6858,125,102428,true
ECC-PRE,P-256-demo,102400,70,7.1038,0.7040,7.2551,0.0514,3.3575,3.6870,0.0399,22.1991,125,102428,true
ECC-PRE,P-256-demo,102400,71,6.8466,0.4848,7.1165,0.1400,3.3745,3.6192,0.0385,21.6208,125,102428,true
ECC-PRE,P-256-demo,102400,72,6.5611,0.4789,7.1237,0.0535,3.4436,3.8092,0.0355,21.5059,125,102428,true
ECC-PRE,P-256-demo,102400,73,6.8987,0.5615,7.1425,0.0556,3.4064,3.4946,0.0336,21.5936,125,102428,true
ECC-PRE,P-256-demo,102400,74,6.7796,0.4181,7.2742,0.0481,3.3057,3.3889,0.0328,21.2478,125,102428,true
ECC-PRE,P-256-demo,102400,75,7.1578,0.4388,7.1655,0.0520,3.7361,3.9027,0.0441,22.4972,125,102428,true
ECC-PRE,P-256-demo,102400,76,6.7769,0.3462,7.4951,0.0544,3.4051,3.4407,0.0378,21.5563,125,102428,true
ECC-PRE,P-256-demo,102400,77,6.7032,0.6005,7.6988,0.0590,3.6335,4.0397,0.0360,22.7712,125,102428,true
ECC-PRE,P-256-demo,102400,78,6.6811,0.4495,7.3620,0.0558,3.5981,3.5380,0.0575,21.7425,125,102428,true
ECC-PRE,P-256-demo,102400,79,11.6174,1.0238,11.4307,0.0818,3.3662,3.3503,0.0437,30.9147,125,102428,true
ECC-PRE,P-256-demo,102400,80,7.1863,0.5144,7.8843,0.0593,3.7005,3.6193,0.0334,22.9978,125,102428,true
ECC-PRE,P-256-demo,102400,81,7.1841,0.4433,7.3581,0.0595,4.7342,3.6458,0.0505,23.4757,125,102428,true
ECC-PRE,P-256-demo,102400,82,7.5485,0.4734,7.3219,0.0534,3.7531,3.6798,0.0341,22.8646,125,102428,true
ECC-PRE,P-256-demo,102400,83,7.1076,0.4364,7.5572,0.0873,3.8320,3.3162,0.0393,22.3763,125,102428,true
ECC-PRE,P-256-demo,102400,84,6.5959,0.4397,8.1586,0.0529,4.4146,3.4771,0.0445,23.1837,125,102428,true
ECC-PRE,P-256-demo,102400,85,7.2558,0.7124,7.3629,0.0752,3.7709,3.3944,0.0366,22.6085,125,102428,true
ECC-PRE,P-256-demo,102400,86,6.9855,0.5187,7.1809,0.0528,3.3933,3.2662,0.0427,21.4406,125,102428,true
ECC-PRE,P-256-demo,102400,87,6.8949,0.4070,7.3819,0.0508,3.5966,3.5531,0.0378,21.9227,125,102428,true
ECC-PRE,P-256-demo,102400,88,6.8176,0.4739,7.5453,0.0540,3.6608,3.3818,0.0386,21.9724,125,102428,true
ECC-PRE,P-256-demo,102400,89,7.5162,0.4288,7.0326,0.0533,3.3712,3.6747,0.0427,22.1198,125,102428,true
ECC-PRE,P-256-demo,102400,90,6.4856,0.6888,6.8490,0.0869,3.7360,3.3778,0.0395,21.2637,125,102428,true
ECC-PRE,P-256-demo,102400,91,6.6316,0.7703,8.0489,0.0591,3.3396,3.2203,0.0321,22.1022,125,102428,true
ECC-PRE,P-256-demo,102400,92,7.2270,0.3826,7.8528,0.0544,3.7245,3.3200,0.0393,22.6008,125,102428,true
ECC-PRE,P-256-demo,102400,93,6.7731,0.3693,7.0700,0.0481,3.3284,3.2911,0.0382,20.9187,125,102428,true
ECC-PRE,P-256-demo,102400,94,6.5762,0.4086,7.2822,0.0561,3.6056,3.5448,0.0419,21.5161,125,102428,true
ECC-PRE,P-256-demo,102400,95,6.7472,0.5435,7.6921,0.0701,3.3232,3.5154,0.0429,21.9350,125,102428,true
ECC-PRE,P-256-demo,102400,96,6.8542,0.3886,7.2391,0.0535,3.2875,3.4554,0.0408,21.3195,125,102428,true
ECC-PRE,P-256-demo,102400,97,7.0133,0.4094,7.2250,0.0569,3.5350,3.5100,0.0395,21.7895,125,102428,true
ECC-PRE,P-256-demo,102400,98,6.5100,0.4058,7.1876,0.0523,3.4220,3.2827,0.0396,20.9003,125,102428,true
ECC-PRE,P-256-demo,102400,99,6.9588,0.4152,7.4269,0.0545,3.3405,3.8507,0.0343,22.0814,125,102428,true
ECC-PRE,P-256-demo,102400,100,6.8634,0.4263,7.3586,0.0725,3.3069,3.4834,0.0329,21.5443,125,102428,true
ECC-PRE,P-256-demo,1048576,1,7.1834,0.8780,7.0261,0.0630,3.4905,3.5607,0.2920,22.4942,125,1048604,true
ECC-PRE,P-256-demo,1048576,2,6.5455,0.9597,7.7340,0.0694,3.3299,3.4345,0.2472,22.3205,125,1048604,true
ECC-PRE,P-256-demo,1048576,3,7.1383,0.6890,7.5999,0.0532,4.0130,3.4010,0.3128,23.2075,125,1048604,true
ECC-PRE,P-256-demo,1048576,4,6.5170,0.7673,7.3454,0.0552,3.3043,3.4339,0.3513,21.7748,125,1048604,true
ECC-PRE,P-256-demo,1048576,5,6.7595,1.1687,7.6419,0.2072,3.4884,3.2749,0.3208,22.8618,125,1048604,true
ECC-PRE,P-256-demo,1048576,6,6.7200,0.8805,7.3188,0.0726,3.7023,3.3504,0.2759,22.3209,125,1048604,true
ECC-PRE,P-256-demo,1048576,7,6.6190,0.7411,7.3016,0.0582,3.2688,3.3999,0.2757,21.6648,125,1048604,true
ECC-PRE,P-256-demo,1048576,8,6.8901,0.6800,7.0506,0.0574,3.4871,3.5949,0.2716,22.0321,125,1048604,true
ECC-PRE,P-256-demo,1048576,9,6.4428,0.8249,7.8153,0.0582,3.3367,3.1533,0.3070,21.9384,125,1048604,true
ECC-PRE,P-256-demo,1048576,10,7.0397,0.6717,7.2453,0.0535,4.4435,3.7366,0.3555,23.5460,125,1048604,true
ECC-PRE,P-256-demo,1048576,11,6.9303,1.4994,7.5867,0.0967,3.3179,3.1818,0.2970,22.9104,125,1048604,true
ECC-PRE,P-256-demo,1048576,12,7.2493,0.7341,6.9445,0.0561,3.4483,3.4175,0.3112,22.1614,125,1048604,true
ECC-PRE,P-256-demo,1048576,13,6.5162,0.7746,7.5125,0.0551,3.4306,3.5827,0.2779,22.1500,125,1048604,true
ECC-PRE,P-256-demo,1048576,14,6.7994,1.0542,7.7393,0.0679,3.3570,3.2783,0.3068,22.6031,125,1048604,true
ECC-PRE,P-256-demo,1048576,15,7.3149,0.8101,7.4637,0.0729,4.0129,4.3343,0.3708,24.3799,125,1048604,true
ECC-PRE,P-256-demo,1048576,16,7.2671,1.0970,7.0884,0.0567,3.6716,3.3014,0.3017,22.7843,125,1048604,true
ECC-PRE,P-256-demo,1048576,17,6.4667,0.7711,7.0124,0.0470,3.6602,3.2272,0.2846,21.4694,125,1048604,true
ECC-PRE,P-256-demo,1048576,18,6.5507,0.6630,6.8041,0.0486,3.5067,3.2263,0.2967,21.0963,125,1048604,true
ECC-PRE,P-256-demo,1048576,19,6.6798,0.8753,7.3415,0.0605,3.7291,3.3667,0.2697,22.3230,125,1048604,true
ECC-PRE,P-256-demo,1048576,20,6.4994,0.7509,7.2259,0.0526,3.4652,3.5067,0.2775,21.7788,125,1048604,true
ECC-PRE,P-256-demo,1048576,21,6.8373,0.8369,7.4731,0.0587,3.6035,3.4886,0.2895,22.5879,125,1048604,true
ECC-PRE,P-256-demo,1048576,22,6.7044,0.7608,7.2496,0.0577,3.3655,3.3137,0.2641,21.7161,125,1048604,true
ECC-PRE,P-256-demo,1048576,23,7.2036,0.7470,6.9777,0.0541,3.6037,3.4631,0.3045,22.3541,125,1048604,true
ECC-PRE,P-256-demo,1048576,24,6.8004,0.8100,7.9469,0.0636,3.7477,4.2905,0.2707,23.9302,125,1048604,true
ECC-PRE,P-256-demo,1048576,25,6.8347,0.7220,7.4735,0.0901,3.3304,3.7982,0.3048,22.5541,125,1048604,true
ECC-PRE,P-256-demo,1048576,26,7.3808,0.7420,7.1595,0.0752,3.2742,3.7025,0.2996,22.6343,125,1048604,true
ECC-PRE,P-256-demo,1048576,27,6.6062,0.6992,7.3768,0.0846,3.1962,3.5903,0.3023,21.8563,125,1048604,true
ECC-PRE,P-256-demo,1048576,28,7.2888,0.8185,7.6294,0.0947,3.4698,3.7181,0.2697,23.2892,125,1048604,true
ECC-PRE,P-256-demo,1048576,29,6.2731,0.8775,7.9273,0.0727,3.3324,3.5102,0.3203,22.3139,125,1048604,true
ECC-PRE,P-256-demo,1048576,30,6.9614,1.1043,7.5125,0.0559,3.6551,3.4441,0.3248,23.0583,125,1048604,true
ECC-PRE,P-256-demo,1048576,31,6.7594,0.9392,7.2844,0.0576,3.6428,3.3385,0.2829,22.3052,125,1048604,true
ECC-PRE,P-256-demo,1048576,32,7.1944,0.7228,7.7254,0.0512,3.8938,3.6704,0.2619,23.5203,125,1048604,true
ECC-PRE,P-256-demo,1048576,33,7.1983,0.7884,7.3320,0.1655,3.5723,3.3589,0.3019,22.7177,125,1048604,true
ECC-PRE,P-256-demo,1048576,34,6.6085,1.8034,7.6925,0.0528,3.3717,3.3190,0.2743,23.1226,125,1048604,true
ECC-PRE,P-256-demo,1048576,35,7.3671,0.8251,6.9965,0.0716,3.3796,3.7732,0.2882,22.7014,125,1048604,true
ECC-PRE,P-256-demo,1048576,36,6.5058,0.8200,7.5371,0.1037,3.6138,3.5042,0.3335,22.4185,125,1048604,true
ECC-PRE,P-256-demo,1048576,37,6.8793,0.8247,7.2908,0.0727,3.7039,3.5423,0.2677,22.5817,125,1048604,true
ECC-PRE,P-256-demo,1048576,38,6.7001,0.9137,7.2330,0.0542,3.3553,3.3837,0.2890,21.9294,125,1048604,true
ECC-PRE,P-256-demo,1048576,39,6.4483,0.7121,7.4757,0.0540,3.5842,3.3374,0.2677,21.8800,125,1048604,true
ECC-PRE,P-256-demo,1048576,40,7.0348,0.7345,7.0683,0.0469,3.7159,3.5005,0.3069,22.4080,125,1048604,true
ECC-PRE,P-256-demo,1048576,41,7.0320,0.7788,7.3100,0.1238,3.4787,3.2949,0.2883,22.3067,125,1048604,true
ECC-PRE,P-256-demo,1048576,42,6.9572,0.7683,7.4706,0.0888,3.4048,3.4143,0.2817,22.3863,125,1048604,true
ECC-PRE,P-256-demo,1048576,43,6.6173,0.9882,7.8663,0.0560,3.7056,3.2763,0.2889,22.7990,125,1048604,true
ECC-PRE,P-256-demo,1048576,44,6.7454,0.8207,7.5842,0.0692,3.3543,3.2421,0.2720,22.0881,125,1048604,true
ECC-PRE,P-256-demo,1048576,45,6.5048,0.6603,7.5180,0.1116,3.5140,3.2034,0.2946,21.8071,125,1048604,true
ECC-PRE,P-256-demo,1048576,46,6.4600,0.7585,7.4242,0.1876,3.4213,3.6654,0.3177,22.2352,125,1048604,true
ECC-PRE,P-256-demo,1048576,47,7.1111,0.7553,7.3984,0.0556,3.4948,3.2886,0.2783,22.3824,125,1048604,true
ECC-PRE,P-256-demo,1048576,48,7.2555,0.6865,7.2285,0.0565,3.5381,3.3831,0.2866,22.4350,125,1048604,true
ECC-PRE,P-256-demo,1048576,49,6.4974,0.7877,7.4608,0.0783,3.3663,3.2681,0.2567,21.7157,125,1048604,true
ECC-PRE,P-256-demo,1048576,50,7.0731,0.7793,7.3123,0.0519,3.4737,3.7445,0.2924,22.7274,125,1048604,true
ECC-PRE,P-256-demo,1048576,51,6.9022,0.8955,7.5418,0.0467,3.9874,3.5130,0.3526,23.2396,125,1048604,true
ECC-PRE,P-256-demo,1048576,52,6.6138,0.8305,7.0756,0.1904,3.5351,3.2050,0.2581,21.7092,125,1048604,true
ECC-PRE,P-256-demo,1048576,53,7.1775,0.8573,7.4071,0.0724,3.2990,3.5902,0.2796,22.6835,125,1048604,true
ECC-PRE,P-256-demo,1048576,54,6.5777,0.8252,7.3002,0.1533,3.6523,3.4544,0.3029,22.2664,125,1048604,true
ECC-PRE,P-256-demo,1048576,55,6.9423,0.8663,7.5048,0.0838,3.3636,3.3106,0.3925,22.4644,125,1048604,true
ECC-PRE,P-256-demo,1048576,56,6.5444,0.7964,7.7618,0.0518,3.4798,3.3266,0.2671,22.2280,125,1048604,true
ECC-PRE,P-256-demo,1048576,57,7.2092,0.7975,7.1065,0.2081,3.2966,3.4902,0.2703,22.3787,125,1048604,true
ECC-PRE,P-256-demo,1048576,58,6.9302,0.8394,7.7056,0.0720,3.4378,3.5584,0.3195,22.8635,125,1048604,true
ECC-PRE,P-256-demo,1048576,59,6.7927,1.1450,7.0080,0.0704,3.3978,3.4118,0.2417,22.0677,125,1048604,true
ECC-PRE,P-256-demo,1048576,60,6.6852,0.9595,7.3024,0.0588,3.4477,3.6557,0.3481,22.4576,125,1048604,true
ECC-PRE,P-256-demo,1048576,61,7.0600,0.8057,7.4827,0.0701,3.6256,3.5852,0.3118,22.9415,125,1048604,true
ECC-PRE,P-256-demo,1048576,62,7.0171,1.0986,8.3531,0.1804,3.2527,3.1901,0.2913,23.3837,125,1048604,true
ECC-PRE,P-256-demo,1048576,63,6.9189,1.0118,7.3600,0.1156,3.8905,3.3744,0.2493,22.9209,125,1048604,true
ECC-PRE,P-256-demo,1048576,64,6.7317,0.9725,7.5372,0.0684,3.2393,3.1519,0.2671,21.9684,125,1048604,true
ECC-PRE,P-256-demo,1048576,65,6.7543,0.7919,7.0612,0.0802,3.7138,3.3144,0.2545,21.9707,125,1048604,true
ECC-PRE,P-256-demo,1048576,66,6.8471,0.8660,7.5780,0.0701,3.3090,3.2819,0.2568,22.2091,125,1048604,true
ECC-PRE,P-256-demo,1048576,67,7.0786,0.7497,7.5231,0.0629,3.4547,3.4150,0.2766,22.5610,125,1048604,true
ECC-PRE,P-256-demo,1048576,68,6.4021,0.6946,7.1717,0.0545,4.4779,3.7072,0.3197,22.8279,125,1048604,true
ECC-PRE,P-256-demo,1048576,69,6.7845,0.8621,7.9972,0.0846,3.8875,3.9479,0.3232,23.8874,125,1048604,true
ECC-PRE,P-256-demo,1048576,70,7.1454,0.8492,7.0763,0.1559,3.5148,3.3162,0.2966,22.3548,125,1048604,true
ECC-PRE,P-256-demo,1048576,71,6.7112,0.7056,8.0948,0.0865,3.8270,3.2724,0.2967,22.9946,125,1048604,true
ECC-PRE,P-256-demo,1048576,72,6.7401,0.8789,7.2020,0.0481,3.8758,3.3648,0.2884,22.3985,125,1048604,true
ECC-PRE,P-256-demo,1048576,73,6.9804,1.0357,8.5267,0.0775,3.4891,3.7873,0.2895,24.1866,125,1048604,true
ECC-PRE,P-256-demo,1048576,74,7.2455,0.8148,7.1662,0.0582,3.5118,3.5811,0.2730,22.6511,125,1048604,true
ECC-PRE,P-256-demo,1048576,75,7.0578,0.7650,7.1658,0.0592,3.7135,3.4944,0.3028,22.5589,125,1048604,true
ECC-PRE,P-256-demo,1048576,76,6.6321,0.6512,7.3025,0.0550,3.5227,3.5465,0.3116,22.0221,125,1048604,true
ECC-PRE,P-256-demo,1048576,77,6.7362,1.5270,7.2589,0.0564,3.8678,3.4991,0.2700,23.2161,125,1048604,true
ECC-PRE,P-256-demo,1048576,78,6.6354,0.9310,7.7325,0.0562,3.4665,3.5402,0.2770,22.6388,125,1048604,true
ECC-PRE,P-256-demo,1048576,79,6.7681,0.7087,7.2831,0.0624,3.7768,3.3186,0.2503,22.1684,125,1048604,true
ECC-PRE,P-256-demo,1048576,80,6.9041,0.7855,7.4021,0.1196,3.8270,3.3239,0.3275,22.6901,125,1048604,true
ECC-PRE,P-256-demo,1048576,81,6.7361,0.8053,7.1657,0.0946,3.6011,3.3083,0.3179,22.0297,125,1048604,true
ECC-PRE,P-256-demo,1048576,82,6.7810,0.7574,7.1546,0.0517,3.3189,3.3349,0.2859,21.6850,125,1048604,true
ECC-PRE,P-256-demo,1048576,83,6.7489,0.7978,7.2487,0.0508,3.9581,3.5627,0.2790,22.6465,125,1048604,true
ECC-PRE,P-256-demo,1048576,84,6.7881,1.0109,7.5382,0.0735,3.5422,3.2691,0.2917,22.5140,125,1048604,true
ECC-PRE,P-256-demo,1048576,85,7.1782,0.7474,7.5594,0.0716,3.4309,3.8283,0.2541,23.0706,125,1048604,true
ECC-PRE,P-256-demo,1048576,86,6.7466,0.6813,7.5111,0.1107,3.5479,3.5084,0.3185,22.4251,125,1048604,true
ECC-PRE,P-256-demo,1048576,87,6.7745,0.9131,14.9778,0.0761,3.7530,3.5000,0.3099,30.3049,125,1048604,true
ECC-PRE,P-256-demo,1048576,88,6.9863,0.8847,7.1897,0.0490,3.1443,3.6390,0.2747,22.1679,125,1048604,true
ECC-PRE,P-256-demo,1048576,89,6.9097,0.7839,7.4741,0.0534,3.5339,3.2852,0.2502,22.2910,125,1048604,true
ECC-PRE,P-256-demo,1048576,90,6.8149,0.7364,7.8562,0.0655,3.5157,3.2772,0.3581,22.6244,125,1048604,true
ECC-PRE,P-256-demo,1048576,91,6.6814,0.8100,6.9053,0.0525,3.7397,3.5420,0.3138,22.0451,125,1048604,true
ECC-PRE,P-256-demo,1048576,92,6.6499,0.7935,7.4043,0.0544,3.3754,3.3349,0.3258,21.9388,125,1048604,true
ECC-PRE,P-256-demo,1048576,93,6.9025,0.8622,7.0507,0.0554,3.7140,3.4701,0.3507,22.4063,125,1048604,true
ECC-PRE,P-256-demo,1048576,94,6.7489,0.7885,8.2136,0.0960,3.6280,3.6209,0.3177,23.4142,125,1048604,true
ECC-PRE,P-256-demo,1048576,95,7.2440,0.8148,6.8853,0.0544,3.8022,3.7799,0.3701,22.9511,125,1048604,true
ECC-PRE,P-256-demo,1048576,96,7.0170,0.9028,7.1255,0.0580,3.7359,3.3610,0.2722,22.4727,125,1048604,true
ECC-PRE,P-256-demo,1048576,97,6.6484,0.8137,7.5695,0.0577,3.4752,3.3788,0.2884,22.2322,125,1048604,true
ECC-PRE,P-256-demo,1048576,98,7.1407,0.7431,6.6025,0.0555,3.7263,3.3929,0.2689,21.9302,125,1048604,true
ECC-PRE,P-256-demo,1048576,99,7.0309,0.7843,7.7147,0.0487,3.4732,3.5036,0.2915,22.8470,125,1048604,true
ECC-PRE,P-256-demo,1048576,100,6.9273,0.7361,6.9565,0.0479,3.4009,4.0255,0.3078,22.4026,125,1048604,true
ECC-PRE,P-256-demo,10485760,1,6.5811,3.6940,7.3258,0.0515,3.4327,3.2940,2.7931,27.1725,125,10485788,true
ECC-PRE,P-256-demo,10485760,2,6.8042,2.9786,8.3590,0.0878,3.4848,3.3039,2.6881,27.7071,125,10485788,true
ECC-PRE,P-256-demo,10485760,3,6.4742,4.0662,7.0808,0.0498,3.4502,3.5820,3.0525,27.7565,125,10485788,true
ECC-PRE,P-256-demo,10485760,4,6.6049,3.2630,7.6346,0.0955,3.4772,3.3410,2.8797,27.2962,125,10485788,true
ECC-PRE,P-256-demo,10485760,5,6.6695,3.5840,7.4811,0.1914,3.3119,3.2441,2.7709,27.2537,125,10485788,true
ECC-PRE,P-256-demo,10485760,6,6.6683,3.3103,7.0981,0.0450,3.6945,3.5440,2.6521,27.0126,125,10485788,true
ECC-PRE,P-256-demo,10485760,7,6.9374,3.6267,6.9341,0.0397,3.4801,3.4860,3.8867,28.3915,125,10485788,true
ECC-PRE,P-256-demo,10485760,8,6.8254,3.6886,7.2758,0.1633,3.4189,3.3409,2.4493,27.1627,125,10485788,true
ECC-PRE,P-256-demo,10485760,9,7.1459,3.4548,6.9682,0.0475,3.6818,3.3809,2.7911,27.4706,125,10485788,true
ECC-PRE,P-256-demo,10485760,10,6.6371,3.0933,7.0799,0.0787,3.7110,3.1915,2.7889,26.5814,125,10485788,true
ECC-PRE,P-256-demo,10485760,11,6.4711,3.3780,7.2161,0.0738,3.3377,3.3399,2.5589,26.3763,125,10485788,true
ECC-PRE,P-256-demo,10485760,12,6.7924,3.1909,6.6686,0.0393,3.7193,3.5092,2.6953,26.6158,125,10485788,true
ECC-PRE,P-256-demo,10485760,13,6.7838,3.4450,7.7107,0.0469,3.7377,3.5337,2.9897,28.2481,125,10485788,true
ECC-PRE,P-256-demo,10485760,14,6.9450,3.2408,7.2116,0.0761,3.4880,3.3114,2.6473,26.9206,125,10485788,true
ECC-PRE,P-256-demo,10485760,15,6.7321,3.2720,7.3353,0.0415,3.6638,3.3812,4.0911,28.5176,125,10485788,true
ECC-PRE,P-256-demo,10485760,16,6.7396,3.3824,7.7627,0.1055,3.4786,3.4029,2.6431,27.5158,125,10485788,true
ECC-PRE,P-256-demo,10485760,17,6.5933,3.6245,6.9489,0.0398,3.4863,3.3419,2.7688,26.8042,125,10485788,true
ECC-PRE,P-256-demo,10485760,18,7.2102,3.3773,7.3991,0.0623,3.2921,3.2368,2.7030,27.2813,125,10485788,true
ECC-PRE,P-256-demo,10485760,19,6.8692,3.3701,7.2916,0.0458,3.6982,3.7043,2.9010,27.8808,125,10485788,true
ECC-PRE,P-256-demo,10485760,20,6.7658,3.2683,7.4725,0.0404,3.4693,3.3385,2.6905,27.0461,125,10485788,true
ECC-PRE,P-256-demo,10485760,21,6.6911,3.2813,6.7673,0.0420,3.3675,3.4492,2.4215,26.0205,125,10485788,true
ECC-PRE,P-256-demo,10485760,22,6.7605,3.2625,7.1453,0.0423,3.6865,3.7050,3.0506,27.6532,125,10485788,true
ECC-PRE,P-256-demo,10485760,23,6.5914,3.2610,8.7281,0.0494,3.3271,3.2921,3.9559,29.2054,125,10485788,true
ECC-PRE,P-256-demo,10485760,24,6.6209,3.4106,7.1138,0.1836,3.3056,3.3061,2.6484,26.5898,125,10485788,true
ECC-PRE,P-256-demo,10485760,25,6.9076,3.5403,7.2183,0.0475,3.2663,3.5797,2.8845,27.4448,125,10485788,true
ECC-PRE,P-256-demo,10485760,26,6.7599,3.2425,6.9720,0.1081,3.6989,3.4428,2.8209,27.0460,125,10485788,true
ECC-PRE,P-256-demo,10485760,27,6.4856,3.0737,7.4099,0.0730,3.5154,3.3632,2.7528,26.6747,125,10485788,true
ECC-PRE,P-256-demo,10485760,28,6.6999,3.2475,6.5702,0.0637,3.3956,3.7638,2.5056,26.2468,125,10485788,true
ECC-PRE,P-256-demo,10485760,29,6.9072,3.6067,7.0578,0.0473,3.4403,3.3111,2.6228,26.9935,125,10485788,true
ECC-PRE,P-256-demo,10485760,30,6.9273,3.2715,7.1518,0.0639,3.4424,3.7097,2.9769,27.5442,125,10485788,true
ECC-PRE,P-256-demo,10485760,31,7.0498,3.4167,6.9441,0.0614,3.4428,3.3604,3.8326,28.1084,125,10485788,true
ECC-PRE,P-256-demo,10485760,32,6.8384,3.4525,7.5185,0.0789,3.7590,3.4439,2.8908,27.9825,125,10485788,true
ECC-PRE,P-256-demo,10485760,33,6.8245,3.4187,7.8780,0.0612,3.7915,3.5533,2.8661,28.3941,125,10485788,true
ECC-PRE,P-256-demo,10485760,34,7.0444,3.3633,7.5305,0.0423,3.5229,3.3834,2.6619,27.5496,125,10485788,true
ECC-PRE,P-256-demo,10485760,35,6.5601,4.1561,7.1726,0.0599,3.4757,3.4597,2.8200,27.7052,125,10485788,true
ECC-PRE,P-256-demo,10485760,36,6.5539,3.3147,7.1376,0.1379,3.6628,3.1599,2.7455,26.7129,125,10485788,true
ECC-PRE,P-256-demo,10485760,37,7.0175,3.4094,7.3798,0.0648,3.6868,3.3721,2.7223,27.6537,125,10485788,true
ECC-PRE,P-256-demo,10485760,38,6.7201,3.6133,7.7522,0.0604,3.4061,3.2737,2.4847,27.3110,125,10485788,true
ECC-PRE,P-256-demo,10485760,39,7.0421,3.5233,7.8131,0.0656,3.5670,3.3092,3.7650,29.0858,125,10485788,true
ECC-PRE,P-256-demo,10485760,40,7.0660,3.4044,7.3112,0.0746,3.6139,3.5481,2.5855,27.6041,125,10485788,true
ECC-PRE,P-256-demo,10485760,41,6.5040,4.0113,7.0205,0.0458,3.6137,3.7129,2.9097,27.8185,125,10485788,true
ECC-PRE,P-256-demo,10485760,42,6.6625,3.5360,7.4105,0.0629,3.3967,3.3896,2.6385,27.0972,125,10485788,true
ECC-PRE,P-256-demo,10485760,43,6.7045,3.3736,7.3274,0.0613,3.5599,3.3797,2.7218,27.1291,125,10485788,true
ECC-PRE,P-256-demo,10485760,44,6.7940,3.3394,6.8794,0.0505,3.2862,3.6845,3.1649,27.1994,125,10485788,true
ECC-PRE,P-256-demo,10485760,45,6.6879,3.4992,7.3206,0.0502,3.4132,3.5466,2.9024,27.4207,125,10485788,true
ECC-PRE,P-256-demo,10485760,46,7.1937,3.3373,7.4972,0.0656,3.8090,3.4535,2.6242,27.9810,125,10485788,true
ECC-PRE,P-256-demo,10485760,47,6.9698,4.0720,7.2037,0.0851,3.6083,3.8961,3.3236,29.1599,125,10485788,true
ECC-PRE,P-256-demo,10485760,48,6.8272,3.4885,7.3292,0.0741,3.4868,3.6764,2.8699,27.7529,125,10485788,true
ECC-PRE,P-256-demo,10485760,49,6.7442,3.3536,7.6633,0.0711,3.3101,3.3529,2.5680,27.0636,125,10485788,true
ECC-PRE,P-256-demo,10485760,50,7.3159,3.5772,7.6982,0.0712,3.7912,3.2626,2.5576,28.2748,125,10485788,true
ECC-PRE,P-256-demo,10485760,51,7.0913,3.1938,6.9936,0.0442,3.4885,3.5729,2.6320,27.0169,125,10485788,true
ECC-PRE,P-256-demo,10485760,52,6.8280,3.1695,8.8121,0.0554,3.8174,3.5366,3.0139,29.2336,125,10485788,true
ECC-PRE,P-256-demo,10485760,53,6.7260,3.3394,7.1781,0.0465,3.5062,3.2376,2.8574,26.8919,125,10485788,true
ECC-PRE,P-256-demo,10485760,54,7.0661,3.4529,7.0829,0.0465,3.6384,3.5907,2.7339,27.6122,125,10485788,true
ECC-PRE,P-256-demo,10485760,55,7.0453,3.2696,7.7152,0.0632,3.2413,3.3337,3.7958,28.4649,125,10485788,true
ECC-PRE,P-256-demo,10485760,56,7.2307,3.4229,7.8075,0.0758,3.5079,3.5584,2.7346,28.3386,125,10485788,true
ECC-PRE,P-256-demo,10485760,57,6.8780,3.3219,7.3217,0.1367,3.3239,3.2813,2.5948,26.8587,125,10485788,true
ECC-PRE,P-256-demo,10485760,58,6.6248,3.3546,7.3413,0.0692,3.4087,3.4311,2.8369,27.0673,125,10485788,true
ECC-PRE,P-256-demo,10485760,59,6.6600,3.2577,7.2643,0.1181,3.5495,3.2402,2.6766,26.7674,125,10485788,true
ECC-PRE,P-256-demo,10485760,60,6.4954,3.1304,7.2553,0.0438,3.6641,3.2555,2.7253,26.5706,125,10485788,true
ECC-PRE,P-256-demo,10485760,61,6.4871,3.4483,7.4577,0.0387,3.2987,3.2740,3.0348,27.0397,125,10485788,true
ECC-PRE,P-256-demo,10485760,62,6.4352,3.3678,7.1267,0.0409,3.2472,3.1689,2.4969,25.8844,125,10485788,true
ECC-PRE,P-256-demo,10485760,63,6.6798,3.3488,7.2638,0.0538,4.1914,3.4238,3.5873,28.5495,125,10485788,true
ECC-PRE,P-256-demo,10485760,64,6.8586,3.9479,7.8252,0.1790,3.6820,3.9570,2.5600,29.0103,125,10485788,true
ECC-PRE,P-256-demo,10485760,65,6.7331,3.4750,7.6485,0.0428,3.3494,3.2723,2.7071,27.2293,125,10485788,true
ECC-PRE,P-256-demo,10485760,66,7.4855,3.1958,6.9687,0.0412,3.2916,3.6924,2.6912,27.3673,125,10485788,true
ECC-PRE,P-256-demo,10485760,67,6.6486,3.1934,7.2077,0.0420,3.4114,3.6109,2.7094,26.8243,125,10485788,true
ECC-PRE,P-256-demo,10485760,68,6.7202,3.6713,7.5926,0.0413,3.4141,3.8540,2.7894,28.0837,125,10485788,true
ECC-PRE,P-256-demo,10485760,69,6.5273,3.2341,7.4149,0.1350,3.2272,3.2046,2.9698,26.7136,125,10485788,true
ECC-PRE,P-256-demo,10485760,70,6.8681,3.3785,7.0674,0.0596,3.3526,3.7653,2.7521,27.2444,125,10485788,true
ECC-PRE,P-256-demo,10485760,71,6.5093,3.2680,8.1643,0.1866,3.4835,3.1306,3.8270,28.5700,125,10485788,true
ECC-PRE,P-256-demo,10485760,72,7.2629,3.4873,6.9315,0.0892,3.2745,3.5661,2.6291,27.2414,125,10485788,true
ECC-PRE,P-256-demo,10485760,73,6.9097,3.1732,7.3646,0.0428,3.5496,3.3685,2.6643,27.0734,125,10485788,true
ECC-PRE,P-256-demo,10485760,74,6.9242,3.6645,6.9445,0.0462,3.3908,3.8178,2.7404,27.5294,125,10485788,true
ECC-PRE,P-256-demo,10485760,75,6.4936,3.2253,7.6167,0.0394,3.3724,3.3320,2.6973,26.7777,125,10485788,true
ECC-PRE,P-256-demo,10485760,76,7.0679,3.4978,7.1430,0.0459,3.6990,3.6286,2.6378,27.7206,125,10485788,true
ECC-PRE,P-256-demo,10485760,77,6.4071,3.5256,7.7120,0.0389,3.4512,3.3450,2.6508,27.1312,125,10485788,true
ECC-PRE,P-256-demo,10485760,78,6.8221,3.6509,7.3786,0.0382,3.4220,3.9139,2.6459,27.8724,125,10485788,true
ECC-PRE,P-256-demo,10485760,79,7.0627,3.2246,7.6015,0.1090,3.4127,3.4157,3.5993,28.4263,125,10485788,true
ECC-PRE,P-256-demo,10485760,80,6.9616,3.6989,7.4761,0.0962,3.7172,3.7660,2.7099,28.4266,125,10485788,true
ECC-PRE,P-256-demo,10485760,81,6.6851,3.2598,7.4229,0.0428,3.3743,3.3932,2.8716,27.0502,125,10485788,true
ECC-PRE,P-256-demo,10485760,82,7.2075,3.3429,7.4226,0.1286,4.0171,3.6521,2.6615,28.4337,125,10485788,true
ECC-PRE,P-256-demo,10485760,83,6.6430,3.1844,7.1990,0.0460,3.6913,3.1993,2.7589,26.7228,125,10485788,true
ECC-PRE,P-256-demo,10485760,84,7.0726,3.3267,7.0150,0.0458,3.9368,3.8170,2.8705,28.0851,125,10485788,true
ECC-PRE,P-256-demo,10485760,85,6.5189,3.6620,7.3076,0.0422,3.6123,3.2897,2.9940,27.4272,125,10485788,true
ECC-PRE,P-256-demo,10485760,86,7.2500,3.1712,7.6484,0.0476,4.4403,3.6407,2.9579,29.1570,125,10485788,true
ECC-PRE,P-256-demo,10485760,87,6.3959,4.1415,7.1008,0.0596,3.3622,3.7855,3.7663,28.6124,125,10485788,true
ECC-PRE,P-256-demo,10485760,88,6.7098,3.6534,7.3194,0.1203,3.5666,3.2313,3.0397,27.6411,125,10485788,true
ECC-PRE,P-256-demo,10485760,89,7.0373,3.2329,7.4079,0.2526,3.3489,3.4504,2.7169,27.4478,125,10485788,true
ECC-PRE,P-256-demo,10485760,90,6.9536,3.3349,7.0298,0.0638,3.4898,3.2816,2.9724,27.1262,125,10485788,true
ECC-PRE,P-256-demo,10485760,91,6.8959,3.2539,6.8981,0.0448,3.4020,3.3314,2.9691,26.7959,125,10485788,true
ECC-PRE,P-256-demo,10485760,92,6.5664,3.1730,7.2697,0.0408,3.4217,3.4663,2.6410,26.5795,125,10485788,true
ECC-PRE,P-256-demo,10485760,93,6.9835,3.6134,7.3761,0.0596,3.5411,3.6073,2.7436,27.9251,125,10485788,true
ECC-PRE,P-256-demo,10485760,94,6.5702,3.1998,7.6499,0.0518,3.4076,3.4292,3.0806,27.3896,125,10485788,true
ECC-PRE,P-256-demo,10485760,95,6.8053,3.5359,7.9435,0.1210,3.4356,3.3829,3.5553,28.7801,125,10485788,true
ECC-PRE,P-256-demo,10485760,96,6.9037,3.3219,7.1299,0.0702,3.5265,3.2668,2.6539,26.8734,125,10485788,true
ECC-PRE,P-256-demo,10485760,97,6.9459,3.9033,7.6836,0.0469,3.4722,3.9280,2.6287,28.6094,125,10485788,true
ECC-PRE,P-256-demo,10485760,98,6.6099,3.2538,7.9350,0.1203,3.5297,3.3302,2.6658,27.4453,125,10485788,true
ECC-PRE,P-256-demo,10485760,99,6.9637,3.3505,7.1949,0.0434,3.7721,3.4348,2.6836,27.4435,125,10485788,true
ECC-PRE,P-256-demo,10485760,100,6.5572,3.6035,7.1242,0.0515,3.4728,3.5840,2.7219,27.1159,125,10485788,true
