fileSizeBytes,round,chunkBytes,chunks,encryptMs,decryptVerifyMs,observedHeapPeakDeltaBytes,observedHeapPeakPercent,configuredPlaintextBufferBytes,merkleVerified,success
1048576,1,131072,8,22.2364,18.6174,2809632,267.9474,131072,true,true
1048576,2,131072,8,22.9303,18.5614,3995760,381.0654,131072,true,true
1048576,3,131072,8,21.3015,15.9647,2537544,241.9991,131072,true,true
1048576,4,131072,8,21.2283,18.4696,2359168,224.9878,131072,true,true
1048576,5,131072,8,19.7206,14.0310,2018512,192.5003,131072,true,true
1048576,6,131072,8,19.1058,14.9243,1441616,137.4832,131072,true,true
1048576,7,131072,8,18.7955,15.1176,1634840,155.9105,131072,true,true
1048576,8,131072,8,18.4623,14.1181,1310760,125.0038,131072,true,true
1048576,9,131072,8,17.3912,14.9573,1048536,99.9962,131072,true,true
1048576,10,131072,8,17.7958,13.3474,687592,65.5739,131072,true,true
1048576,11,131072,8,17.3607,12.5714,556872,53.1075,131072,true,true
1048576,12,131072,8,16.6751,12.9605,262176,25.0031,131072,true,true
1048576,13,131072,8,16.3909,12.6451,1179440,112.4802,131072,true,true
1048576,14,131072,8,16.6408,13.0419,1691936,161.3556,131072,true,true
1048576,15,131072,8,16.3991,13.6826,2490432,237.5061,131072,true,true
1048576,16,131072,8,16.0810,15.5769,3572880,340.7364,131072,true,true
1048576,17,131072,8,15.6630,13.6593,4135600,394.4016,131072,true,true
1048576,18,131072,8,15.2077,13.6433,5227352,498.5191,131072,true,true
1048576,19,131072,8,16.0237,13.7787,0,0.0000,131072,true,true
1048576,20,131072,8,15.8253,12.6479,1048560,99.9985,131072,true,true
1048576,21,131072,8,16.5412,12.7934,1955504,186.4914,131072,true,true
1048576,22,131072,8,15.2495,12.3385,2862264,272.9668,131072,true,true
1048576,23,131072,8,16.1091,13.9570,3528832,336.5356,131072,true,true
1048576,24,131072,8,15.2362,15.1920,4470416,426.3321,131072,true,true
1048576,25,131072,8,16.3346,12.3609,5211576,497.0146,131072,true,true
1048576,26,131072,8,17.3363,14.8504,131088,12.5015,131072,true,true
1048576,27,131072,8,18.2348,14.8789,1048584,100.0008,131072,true,true
1048576,28,131072,8,18.3351,14.7601,1954952,186.4388,131072,true,true
1048576,29,131072,8,16.2118,14.7380,2981584,284.3460,131072,true,true
1048576,30,131072,8,15.3505,13.2317,3528832,336.5356,131072,true,true
10485760,1,131072,80,147.4183,49.9192,4194352,40.0005,131072,true,true
10485760,2,131072,80,57.5986,23.3744,1847624,17.6203,131072,true,true
10485760,3,131072,80,41.1440,13.7394,5382328,51.3299,131072,true,true
10485760,4,131072,80,45.1032,14.3740,3013968,28.7434,131072,true,true
10485760,5,131072,80,43.0979,15.0814,905392,8.6345,131072,true,true
10485760,6,131072,80,45.8904,14.7196,4327024,41.2657,131072,true,true
10485760,7,131072,80,41.6195,15.4628,2231248,21.2788,131072,true,true
10485760,8,131072,80,40.6671,14.0873,5898656,56.2540,131072,true,true
10485760,9,131072,80,39.4725,14.6459,3944176,37.6146,131072,true,true
10485760,10,131072,80,42.7172,14.4336,1897352,18.0946,131072,true,true
10485760,11,131072,80,42.9206,21.8859,5498736,52.4400,131072,true,true
10485760,12,131072,80,42.4268,14.2225,3534112,33.7039,131072,true,true
10485760,13,131072,80,44.0547,15.8023,1435280,13.6879,131072,true,true
10485760,14,131072,80,43.9568,14.9176,5389936,51.4024,131072,true,true
10485760,15,131072,80,43.0482,13.5409,3292512,31.3998,131072,true,true
10485760,16,131072,80,42.4885,13.9943,917672,8.7516,131072,true,true
10485760,17,131072,80,40.6640,14.6420,4491680,42.8360,131072,true,true
10485760,18,131072,80,42.8261,14.4597,2463320,23.4921,131072,true,true
10485760,19,131072,80,45.3413,16.3802,0,0.0000,131072,true,true
10485760,20,131072,80,44.5587,14.4965,4053528,38.6575,131072,true,true
10485760,21,131072,80,49.9440,15.7209,1846640,17.6109,131072,true,true
10485760,22,131072,80,46.9931,15.6216,5899416,56.2612,131072,true,true
10485760,23,131072,80,43.6683,14.9731,3427232,32.6846,131072,true,true
10485760,24,131072,80,41.5444,15.1033,953608,9.0943,131072,true,true
10485760,25,131072,80,42.3981,14.4711,5109320,48.7263,131072,true,true
10485760,26,131072,80,42.2458,14.5132,2478824,23.6399,131072,true,true
10485760,27,131072,80,44.3387,25.0520,894544,8.5310,131072,true,true
10485760,28,131072,80,46.4567,14.7765,3336184,31.8163,131072,true,true
10485760,29,131072,80,42.4803,15.1575,786384,7.4995,131072,true,true
10485760,30,131072,80,41.3096,14.9796,4718792,45.0019,131072,true,true
104857600,1,131072,800,444.6424,117.0096,2207096,2.1049,131072,true,true
104857600,2,131072,800,402.4758,165.2354,3982008,3.7975,131072,true,true
104857600,3,131072,800,408.5065,139.2677,1780304,1.6978,131072,true,true
104857600,4,131072,800,424.6834,136.9063,3407728,3.2499,131072,true,true
104857600,5,131072,800,462.6568,147.0071,5804824,5.5359,131072,true,true
104857600,6,131072,800,429.5958,163.3956,3663784,3.4941,131072,true,true
104857600,7,131072,800,458.0113,152.0080,2046784,1.9520,131072,true,true
104857600,8,131072,800,390.2286,147.6355,5037032,4.8037,131072,true,true
104857600,9,131072,800,420.1722,154.8207,5614680,5.3546,131072,true,true
104857600,10,131072,800,422.6616,147.3716,5057688,4.8234,131072,true,true
104857600,11,131072,800,402.6781,159.7387,5121584,4.8843,131072,true,true
104857600,12,131072,800,396.6506,154.3129,2184248,2.0831,131072,true,true
104857600,13,131072,800,456.5837,145.9492,1249560,1.1917,131072,true,true
104857600,14,131072,800,391.5936,148.7596,3090808,2.9476,131072,true,true
104857600,15,131072,800,408.8588,157.8238,1786480,1.7037,131072,true,true
104857600,16,131072,800,437.2501,145.5575,2265296,2.1604,131072,true,true
104857600,17,131072,800,439.7452,156.5410,4582848,4.3705,131072,true,true
104857600,18,131072,800,442.3981,150.0119,1205376,1.1495,131072,true,true
104857600,19,131072,800,468.8404,151.9434,2751136,2.6237,131072,true,true
104857600,20,131072,800,431.5466,148.5778,1160032,1.1063,131072,true,true
104857600,21,131072,800,416.6990,166.3884,3153144,3.0071,131072,true,true
104857600,22,131072,800,429.0527,151.4833,3271288,3.1197,131072,true,true
104857600,23,131072,800,450.0293,170.7530,4113856,3.9233,131072,true,true
104857600,24,131072,800,482.3980,194.9567,1994280,1.9019,131072,true,true
104857600,25,131072,800,472.6610,183.8221,1291000,1.2312,131072,true,true
104857600,26,131072,800,461.2261,163.0004,3221920,3.0727,131072,true,true
104857600,27,131072,800,480.7362,185.1193,2115792,2.0178,131072,true,true
104857600,28,131072,800,475.6662,168.7597,2657584,2.5345,131072,true,true
104857600,29,131072,800,469.2689,171.3377,591240,0.5639,131072,true,true
104857600,30,131072,800,472.5265,198.5591,2990144,2.8516,131072,true,true
